year,month,day,dep_time,dep_delay,arr_time,arr_delay,carrier,tailnum,flight,origin,dest,air_time,distance,hour,minute
2013,5,19,1802,58,1926,39,UA,N13716,1687,EWR,ORD,100,719,18,2
2013,5,8,12,227,241,188,UA,N518UA,771,JFK,LAX,308,2475,0,12
2013,10,10,1558,-1,1718,-13,UA,N17244,1622,EWR,ORD,106,719,15,58
2013,1,23,1012,-3,1325,-15,US,N668AW,75,EWR,PHX,292,2133,10,12
2013,1,10,1829,19,2133,13,UA,N37462,1292,EWR,FLL,139,1065,18,29
2013,3,23,806,-4,1102,-28,DL,N952DL,2143,JFK,MIA,151,1089,8,6
2013,6,21,1854,-5,2122,1,FL,N967AT,778,LGA,ATL,104,762,18,54
2013,7,3,1802,-3,1929,-21,AA,N3GBAA,353,LGA,ORD,110,733,18,2
2013,10,16,636,-4,858,-7,DL,N390DA,27,JFK,ATL,109,760,6,36
2013,9,12,824,-5,1025,4,DL,N330NW,1157,EWR,MSP,149,1008,8,24
2013,11,30,1453,-2,1546,-23,DL,N330NW,1164,JFK,BOS,32,187,14,53
2013,8,20,1824,25,2102,4,UA,N597UA,535,JFK,LAX,300,2475,18,24
2013,5,9,1245,-5,1433,-21,DL,N338NB,1131,LGA,DTW,77,502,12,45
2013,5,22,1150,5,1432,7,UA,N19136,1519,EWR,MCO,132,937,11,50
2013,2,14,1635,-5,1943,8,UA,N672UA,404,EWR,IAH,211,1400,16,35
2013,6,10,1453,5,1803,23,UA,N445UA,528,LGA,IAH,200,1416,14,53
2013,9,12,1547,52,1703,49,DL,N325US,1164,JFK,BOS,38,187,15,47
2013,2,14,723,54,1008,38,UA,N422UA,451,LGA,IAH,204,1416,7,23
2013,3,31,1942,7,2231,-8,DL,N324US,1435,LGA,TPA,150,1010,19,42
2013,8,2,759,-1,953,-23,DL,N359NB,2457,LGA,MSY,149,1183,7,59
2013,12,1,828,-2,1130,-13,UA,N578UA,653,EWR,LAX,335,2454,8,28
2013,4,7,1811,10,1959,20,UA,N36444,1246,EWR,ORD,123,719,18,11
2013,8,8,1249,-1,1614,27,DL,N378DA,1375,JFK,SLC,287,1990,12,49
2013,11,24,1505,-5,1756,-39,AA,N3BAAA,1327,LGA,PBI,148,1035,15,5
2013,2,3,1748,-3,2057,-6,UA,N525UA,535,JFK,LAX,349,2475,17,48
2013,1,21,1730,0,2040,17,UA,N39297,1637,EWR,TPA,160,997,17,30
2013,6,30,700,0,949,-11,DL,N3761R,1415,JFK,SLC,262,1990,7,0
2013,4,7,815,-5,917,-13,AA,N3JTAA,1838,JFK,BOS,40,187,8,15
2013,6,1,1624,-6,1841,-37,DL,N398DA,1621,JFK,DEN,222,1626,16,24
2013,4,1,1931,91,2102,82,UA,N832UA,597,EWR,ORD,112,719,19,31
2013,6,28,625,-5,757,2,AA,N3ADAA,303,LGA,ORD,101,733,6,25
2013,8,18,854,-6,944,-30,UA,N535UA,432,EWR,BOS,35,200,8,54
2013,11,21,1638,39,1758,26,UA,N37253,1572,EWR,ORD,121,719,16,38
2013,10,16,1707,-8,1909,4,AA,N559AA,345,LGA,ORD,124,733,17,7
2013,2,13,1724,-6,2002,-2,FL,N309AT,623,LGA,ATL,136,762,17,24
2013,6,11,1155,-5,1257,-20,DL,N351NB,1006,JFK,BOS,39,187,11,55
2013,5,24,755,-5,902,-2,US,N949UW,2118,LGA,BOS,42,184,7,55
2013,7,12,656,-4,940,-7,DL,N984DL,2285,LGA,MCO,136,950,6,56
2013,11,16,822,-3,1038,9,US,N178US,752,JFK,CLT,94,541,8,22
2013,10,18,1534,5,1841,-6,UA,N36280,1246,EWR,SFO,338,2565,15,34
2013,5,8,NA,NA,NA,NA,US,,2179,LGA,DCA,NA,214,NA,NA
2013,3,21,1252,-8,1416,-24,AA,N594AA,329,LGA,ORD,106,733,12,52
2013,5,27,1657,-3,2036,-18,DL,N3754A,329,JFK,SJU,186,1598,16,57
2013,8,20,626,-4,914,-9,UA,N596UA,236,JFK,LAX,312,2475,6,26
2013,6,3,1554,-1,1845,-6,UA,N32404,1593,EWR,MCO,135,937,15,54
2013,7,12,1619,129,1914,164,FL,N919AT,349,LGA,ATL,138,762,16,19
2013,1,29,955,-5,1134,-35,US,N755US,1277,LGA,CLT,82,544,9,55
2013,11,23,1629,-1,1936,-7,DL,N3760C,1394,JFK,PDX,334,2454,16,29
2013,11,29,1624,-1,1744,-14,UA,N15710,1554,EWR,ORD,114,719,16,24
2013,12,10,NA,NA,NA,NA,AA,N5DSAA,2285,JFK,MCO,NA,944,NA,NA
2013,7,7,1755,20,1919,13,DL,N374NW,2383,LGA,PWM,45,269,17,55
2013,6,21,1657,-3,1809,-6,US,N961UW,2136,LGA,BOS,32,184,16,57
2013,6,22,727,-3,1008,-23,DL,N709TW,1771,JFK,SEA,315,2422,7,27
2013,1,18,1859,3,2157,-7,UA,N496UA,891,LGA,IAH,208,1416,18,59
2013,10,2,1859,0,2157,-2,UA,N24702,1259,LGA,IAH,195,1416,18,59
2013,4,1,1036,67,1301,49,UA,N586UA,652,EWR,LAS,309,2227,10,36
2013,8,30,823,-7,1000,-55,UA,N809UA,447,EWR,PHX,260,2133,8,23
2013,12,14,653,18,913,12,UA,N39461,1162,EWR,DEN,231,1605,6,53
2013,2,5,1256,-4,1409,3,US,N965UW,2128,LGA,BOS,31,184,12,56
2013,1,6,1853,-2,22,27,AA,N5EBAA,1613,JFK,SJU,203,1598,18,53
2013,3,3,1920,-5,2218,-25,DL,N920DL,2139,LGA,MIA,151,1096,19,20
2013,6,19,2057,2,13,15,UA,N73278,1224,EWR,LAX,316,2454,20,57
2013,4,6,942,13,1159,-13,UA,N511UA,321,EWR,LAS,293,2227,9,42
2013,3,12,1943,163,2213,143,AA,N631AA,575,JFK,EGE,240,1746,19,43
2013,3,22,1401,2,1622,-7,DL,N659DL,2247,LGA,ATL,113,762,14,1
2013,2,21,451,-9,628,-20,US,N565UW,1117,EWR,CLT,82,529,4,51
2013,11,25,2028,9,2334,-11,UA,N17245,1224,EWR,LAX,335,2454,20,28
2013,5,8,1317,-1,1616,-3,UA,N12125,1217,EWR,LAX,325,2454,13,17
2013,12,17,2157,67,13,125,DL,N981DL,2599,JFK,BOS,40,187,21,57
2013,10,13,1624,-6,1931,-9,AA,N324AA,181,JFK,LAX,327,2475,16,24
2013,9,19,748,-2,1026,-18,UA,N556UA,297,EWR,LAX,314,2454,7,48
2013,8,22,1558,25,1838,-1,UA,N510UA,449,EWR,SFO,320,2565,15,58
2013,3,8,751,-4,955,-12,US,N554UW,1733,LGA,CLT,79,544,7,51
2013,1,16,1915,-5,2133,33,AA,N3CVAA,359,LGA,ORD,165,733,19,15
2013,10,3,1536,16,1729,24,AA,N544AA,341,LGA,ORD,117,733,15,36
2013,11,28,802,-3,1257,-7,AA,N5FPAA,1357,JFK,SJU,212,1598,8,2
2013,8,5,2023,-6,2345,12,UA,N504UA,543,EWR,SFO,340,2565,20,23
2013,5,1,625,-5,824,-8,US,N555AY,1433,LGA,CLT,88,544,6,25
2013,7,23,2003,28,12,70,DL,N6714Q,87,JFK,SLC,281,1990,20,3
2013,4,4,828,-3,1122,-29,UA,N57864,1223,EWR,LAX,320,2454,8,28
2013,7,12,1151,-4,1456,2,DL,N3730B,1174,LGA,PBI,144,1035,11,51
2013,5,17,2103,50,2358,54,UA,N27724,1711,EWR,IAH,195,1400,21,3
2013,8,9,657,-8,945,-30,AA,N3GEAA,2279,LGA,MIA,142,1096,6,57
2013,9,19,2022,5,2142,-17,UA,N13716,1464,EWR,CLE,61,404,20,22
2013,2,5,1228,-7,1532,-3,UA,N27239,1186,EWR,MIA,168,1085,12,28
2013,7,19,1053,-7,1335,-14,DL,N981DL,695,JFK,MCO,128,944,10,53
2013,11,12,845,0,1147,-24,UA,N39423,1581,EWR,SEA,324,2402,8,45
2013,6,4,1924,-6,2101,-16,DL,N318NB,975,LGA,PIT,57,335,19,24
2013,12,12,1352,-8,1502,-13,US,N705UW,2183,LGA,DCA,45,214,13,52
2013,10,17,2058,-1,2348,-10,UA,N38467,1416,EWR,MCO,134,937,20,58
2013,6,11,649,-10,930,-29,UA,N36207,1060,EWR,PDX,326,2434,6,49
2013,8,9,1623,33,1859,14,AA,N3FHAA,763,LGA,DFW,184,1389,16,23
2013,5,21,1434,-11,1605,-20,AA,N598AA,2223,LGA,STL,125,888,14,34
2013,10,18,1308,-7,1452,-13,US,N126UW,2095,EWR,CLT,83,529,13,8
2013,7,17,543,-2,805,-8,UA,N571UA,698,LGA,IAH,179,1416,5,43
2013,1,19,1732,104,2039,74,DL,N37700,1773,JFK,SLC,289,1990,17,32
2013,1,15,1008,-8,1239,9,DL,N966DL,2319,LGA,MSP,180,1020,10,8
2013,8,30,623,-7,737,-28,AA,N474AA,303,LGA,ORD,110,733,6,23
2013,5,4,746,-4,1134,-21,AA,N5FKAA,655,JFK,STT,196,1623,7,46
2013,1,17,1908,13,2130,-12,DL,N195DN,951,JFK,ATL,117,760,19,8
2013,7,17,1402,3,1624,-26,UA,N37274,1211,EWR,LAX,300,2454,14,2
2013,6,24,1336,36,1450,25,UA,N18119,1734,EWR,ORD,101,719,13,36
2013,4,30,1540,-5,1757,-6,DL,N357NB,1942,EWR,ATL,101,746,15,40
2013,8,13,824,-1,1136,32,DL,N3767,857,JFK,SAN,339,2446,8,24
2013,7,2,1926,-3,2136,-36,UA,N78438,1222,EWR,LAS,273,2227,19,26
2013,2,6,1211,-1,1527,-24,UA,N38451,1227,EWR,PHX,298,2133,12,11
2013,8,12,1142,72,1527,102,AA,N336AA,179,JFK,SFO,372,2586,11,42
2013,3,12,1831,2,2032,-42,UA,N12116,1729,EWR,LAS,283,2227,18,31
2013,1,4,1131,6,1559,-18,UA,N45440,1661,EWR,SJU,194,1608,11,31
2013,8,2,857,32,1154,50,DL,N3733Z,857,JFK,SAN,323,2446,8,57
2013,10,24,1409,-6,1548,-2,AA,N4XGAA,1170,LGA,STL,136,888,14,9
2013,9,6,1439,-6,1656,-62,UA,N560UA,841,JFK,LAX,292,2475,14,39
2013,10,2,1858,-2,2053,-40,DL,N389DA,245,JFK,PHX,272,2153,18,58
2013,10,23,853,13,1224,39,UA,N31412,1401,EWR,MIA,168,1085,8,53
2013,4,29,1858,26,2149,-6,UA,N828UA,722,EWR,LAX,316,2454,18,58
2013,10,11,1449,-1,1646,-6,US,N170US,1995,LGA,CLT,77,544,14,49
2013,11,28,1718,18,1924,1,UA,N817UA,237,EWR,DEN,227,1605,17,18
2013,5,6,757,-8,1105,2,DL,N352NW,2395,LGA,PBI,146,1035,7,57
2013,7,9,1553,233,1934,267,UA,N560UA,580,JFK,SFO,350,2586,15,53
2013,5,6,904,-2,1209,6,UA,N409UA,410,EWR,IAH,192,1400,9,4
2013,12,11,1854,-6,2344,-15,AA,N5ETAA,1029,JFK,SJU,201,1598,18,54
2013,8,14,1154,-6,1453,-14,UA,N596UA,580,JFK,SFO,335,2586,11,54
2013,7,29,926,31,1240,35,AA,N5FNAA,647,JFK,MIA,157,1089,9,26
2013,6,18,1057,32,1311,66,AA,N567AA,325,LGA,ORD,115,733,10,57
2013,3,31,1658,-2,1917,-7,DL,N308DE,2042,EWR,ATL,116,746,16,58
2013,10,19,1558,13,1932,-10,DL,N3747D,4,JFK,SJU,188,1598,15,58
2013,5,28,1247,-3,1433,-29,UA,N76529,1444,EWR,MSY,149,1167,12,47
2013,2,7,1546,-4,2019,-31,AA,N5CAAA,1635,JFK,SJU,185,1598,15,46
2013,7,9,750,-5,1055,-20,AA,N320AA,59,JFK,SFO,341,2586,7,50
2013,2,21,558,-2,836,-1,DL,N646DL,461,LGA,ATL,120,762,5,58
2013,11,20,1616,-4,1920,45,DL,N960DL,1619,LGA,MSP,192,1020,16,16
2013,8,15,826,-4,1120,0,UA,N492UA,538,EWR,MCO,138,937,8,26
2013,11,3,959,-6,1200,-15,DL,N360NW,2319,LGA,MSP,150,1020,9,59
2013,5,16,958,-2,1326,-3,DL,N702TW,1765,JFK,SFO,349,2586,9,58
2013,12,2,1950,21,2232,10,DL,N377DA,1729,JFK,LAS,320,2248,19,50
2013,7,26,954,-6,1127,8,US,N742PS,2169,LGA,DCA,41,214,9,54
2013,10,16,954,3,1152,-15,UA,N468UA,310,EWR,DEN,216,1605,9,54
2013,12,22,1722,46,2036,10,UA,N81449,1284,EWR,SFO,355,2565,17,22
2013,1,15,NA,NA,NA,NA,AA,N4YRAA,2083,EWR,DFW,NA,1372,NA,NA
2013,7,10,740,-5,953,-6,DL,N316NB,807,EWR,ATL,95,746,7,40
2013,8,4,1824,-5,2124,-11,UA,N439UA,673,EWR,SNA,306,2434,18,24
2013,9,11,1721,-9,2120,20,DL,N713TW,841,JFK,SFO,330,2586,17,21
2013,1,16,2012,12,2101,-13,US,N956UW,2142,LGA,BOS,33,184,20,12
2013,9,3,1439,-10,1728,-22,UA,N479UA,501,LGA,IAH,211,1416,14,39
2013,10,9,553,-7,709,-21,AA,N501AA,301,LGA,ORD,104,733,5,53
2013,3,8,1748,193,2038,190,UA,N429UA,355,EWR,MCO,125,937,17,48
2013,4,3,754,-6,1059,-26,UA,N555UA,397,JFK,SFO,339,2586,7,54
2013,12,30,604,4,900,-5,AA,N3FAAA,1175,LGA,MIA,158,1096,6,4
2013,3,9,558,-2,709,-24,UA,N464UA,304,LGA,ORD,111,733,5,58
2013,7,30,1529,-1,1909,19,DL,N195DN,95,JFK,LAX,341,2475,15,29
2013,1,13,1452,0,1649,-6,DL,N947DL,1231,LGA,DTW,89,502,14,52
2013,8,22,2054,-1,2310,-31,UA,N437UA,324,EWR,MCO,116,937,20,54
2013,9,25,1357,-3,1649,22,DL,N388DA,2247,LGA,ATL,119,762,13,57
2013,12,15,1200,-3,1450,-16,UA,N472UA,488,EWR,IAH,214,1400,12,0
2013,7,28,1109,-6,1229,-26,AA,N4XBAA,327,LGA,ORD,111,733,11,9
2013,2,1,629,-1,832,-11,US,N173US,1433,LGA,CLT,101,544,6,29
2013,6,13,2157,57,110,65,DL,N193DN,2363,JFK,LAX,313,2475,21,57
2013,10,2,1520,-1,1750,-17,UA,N562UA,242,EWR,IAH,189,1400,15,20
2013,12,31,1015,0,1415,33,US,N657AW,604,EWR,PHX,337,2133,10,15
2013,11,5,1554,-6,1838,-3,DL,N965DL,847,LGA,ATL,122,762,15,54
2013,7,31,2012,43,2246,34,UA,N77431,1182,EWR,LAS,303,2227,20,12
2013,4,7,1142,2,1454,-1,AA,N3CSAA,2099,LGA,MIA,150,1096,11,42
2013,11,30,2046,1,1,-10,UA,N33264,1049,EWR,LAX,343,2454,20,46
2013,2,22,703,-2,908,-20,UA,N402UA,647,EWR,DEN,221,1605,7,3
2013,4,17,1552,-8,1712,-7,US,N951UW,2134,LGA,BOS,33,184,15,52
2013,4,30,1214,4,1501,-9,AA,N502AA,743,LGA,DFW,184,1389,12,14
2013,8,4,1759,-6,1942,-8,AA,N3CGAA,353,LGA,ORD,120,733,17,59
2013,6,11,1914,-1,2131,-40,DL,N3744F,1629,JFK,LAS,292,2248,19,14
2013,7,14,1452,-3,1635,-40,DL,N317NB,127,JFK,DTW,79,509,14,52
2013,4,25,1958,23,2338,49,UA,N17730,1010,EWR,MIA,168,1085,19,58
2013,1,14,553,-7,751,-8,DL,N358NB,731,LGA,DTW,91,502,5,53
2013,7,20,1801,6,2048,3,AA,N3KJAA,785,LGA,DFW,179,1389,18,1
2013,9,8,1859,-6,2100,-37,DL,N3755D,1729,JFK,LAS,274,2248,18,59
2013,6,16,1158,-2,1429,-23,UA,N478UA,263,LGA,IAH,184,1416,11,58
2013,7,20,1704,35,1932,39,US,N549UW,17,JFK,PHX,296,2153,17,4
2013,6,10,721,-4,1016,-24,AA,N323AA,443,JFK,MIA,147,1089,7,21
2013,1,11,1138,-7,1313,-8,FL,N972AT,353,LGA,CAK,77,397,11,38
2013,6,5,554,-6,710,-13,UA,N436UA,405,EWR,ORD,108,719,5,54
2013,10,6,1555,-5,1704,-35,UA,N833UA,269,LGA,ORD,110,733,15,55
2013,9,24,1035,-5,1254,-14,UA,N14230,1409,EWR,LAS,292,2227,10,35
2013,11,24,1709,24,2015,1,DL,N712TW,477,JFK,LAX,327,2475,17,9
2013,12,11,1810,-5,2136,-21,DL,N199DN,426,JFK,LAX,353,2475,18,10
2013,10,24,2053,-7,2150,-21,US,N963UW,2164,LGA,BOS,41,184,20,53
2013,8,9,1559,-1,1807,49,US,N947UW,2154,LGA,BOS,45,184,15,59
2013,10,26,1537,-3,1654,-20,UA,N842UA,685,LGA,ORD,118,733,15,37
2013,10,6,824,-6,1127,-25,UA,N14237,1668,EWR,SFO,326,2565,8,24
2013,10,10,1747,32,1953,16,UA,N569UA,509,LGA,DEN,209,1620,17,47
2013,8,23,1412,12,1522,8,US,N762US,2183,LGA,DCA,43,214,14,12
2013,9,9,1906,6,2130,-2,DL,N920DL,947,LGA,ATL,104,762,19,6
2013,3,29,846,-8,1019,-24,UA,N438UA,649,EWR,CLE,61,404,8,46
2013,9,13,859,0,1134,0,DL,N951DL,1747,LGA,ATL,106,762,8,59
2013,5,17,1754,-1,2117,-3,AA,N3DNAA,1611,LGA,MIA,147,1096,17,54
2013,8,20,1044,0,1310,-9,UA,N572UA,775,EWR,MCO,127,937,10,44
2013,3,22,1550,5,1829,-8,UA,N76505,1593,EWR,MCO,137,937,15,50
2013,12,31,940,-5,1246,-14,AA,N4WSAA,1223,EWR,DFW,221,1372,9,40
2013,9,11,903,3,1123,-10,DL,N327NW,1747,LGA,ATL,106,762,9,3
2013,7,3,2029,134,2254,128,DL,N366NB,926,EWR,ATL,115,746,20,29
2013,6,15,1800,0,2012,-26,DL,N617DL,61,LGA,ATL,101,762,18,0
2013,5,6,1855,-5,2001,-14,US,N724UW,2187,LGA,DCA,40,214,18,55
2013,7,8,2018,18,2215,59,US,N730US,2189,LGA,DCA,43,214,20,18
2013,3,23,1947,-3,2220,5,UA,N11206,1482,EWR,DEN,234,1605,19,47
2013,8,6,1840,-5,2016,-14,AA,N598AA,359,LGA,ORD,120,733,18,40
2013,10,21,921,-8,1226,-8,AA,N4YAAA,1223,EWR,DFW,211,1372,9,21
2013,10,29,1921,-4,2219,-28,DL,N318US,2307,JFK,SAT,219,1587,19,21
2013,7,9,1859,-1,2211,30,UA,N16217,1442,EWR,DFW,166,1372,18,59
2013,2,8,937,29,1436,27,UA,N33714,1519,EWR,STT,203,1634,9,37
2013,5,31,2028,38,2302,5,UA,N33264,1134,EWR,SAN,313,2425,20,28
2013,6,2,2007,117,2256,102,DL,N388DA,2370,LGA,PBI,143,1035,20,7
2013,6,29,1000,0,1253,-22,DL,N721TW,1765,JFK,SFO,322,2586,10,0
2013,2,27,1743,-2,2033,-44,DL,N3760C,2323,JFK,PDX,311,2454,17,43
2013,6,18,1629,94,1908,113,DL,N342NB,127,JFK,DTW,87,509,16,29
2013,6,23,2017,17,4,49,AA,N3AEAA,1709,LGA,MIA,161,1096,20,17
2013,8,28,1726,-3,1937,-10,UA,N72405,1635,EWR,PHX,277,2133,17,26
2013,2,23,611,-4,807,-18,DL,N927DA,1919,LGA,MSP,157,1020,6,11
2013,4,21,1858,-2,2105,-29,DL,N332NB,1051,JFK,MSY,168,1182,18,58
2013,4,15,1430,1,1741,-2,DL,N341NW,2175,LGA,MIA,141,1096,14,30
2013,9,16,1557,-3,1839,4,DL,N907DE,221,LGA,ATL,107,762,15,57
2013,8,22,632,-2,902,35,US,N186US,745,EWR,CLT,98,529,6,32
2013,1,30,702,2,854,15,UA,N437UA,393,LGA,ORD,139,733,7,2
2013,3,20,1200,0,1310,-29,UA,N430UA,394,LGA,ORD,111,733,12,0
2013,11,1,1455,-4,1712,-44,DL,N3736C,500,JFK,LAS,295,2248,14,55
2013,5,8,1056,-3,1332,-8,UA,N846UA,807,EWR,IAH,189,1400,10,56
2013,12,24,1540,40,1830,36,UA,N561UA,488,EWR,IAH,203,1400,15,40
2013,3,5,1721,-8,2023,-27,UA,N805UA,784,EWR,PDX,345,2434,17,21
2013,7,27,730,105,1005,112,UA,N519UA,244,LGA,IAH,187,1416,7,30
2013,9,25,1358,-1,1647,-7,AA,N3CRAA,1151,LGA,DFW,181,1389,13,58
2013,3,2,1558,-2,1926,1,AA,N3HTAA,1467,LGA,MIA,177,1096,15,58
2013,5,20,1709,39,2029,40,UA,N503UA,378,EWR,SFO,331,2565,17,9
2013,8,17,853,3,1235,-13,DL,N3751B,301,JFK,SJU,191,1598,8,53
2013,4,6,1254,-6,1401,-9,US,N961UW,2175,LGA,DCA,45,214,12,54
2013,8,12,914,-1,1221,11,AA,N327AA,1,JFK,LAX,332,2475,9,14
2013,10,23,1133,4,1440,11,AA,N3GFAA,1139,LGA,DFW,208,1389,11,33
2013,3,7,753,-7,855,-22,US,N714US,2165,LGA,DCA,46,214,7,53
2013,9,4,1856,-4,1954,-20,US,N959UW,2160,LGA,BOS,39,184,18,56
2013,8,27,750,-10,1031,-39,DL,N907DL,1271,JFK,FLL,138,1069,7,50
2013,8,8,628,-2,825,-12,US,N163US,2085,LGA,CLT,83,544,6,28
2013,8,26,654,-6,933,-36,DL,N958DL,1879,LGA,FLL,136,1076,6,54
2013,1,28,949,-11,1106,-2,US,N958UW,2122,LGA,BOS,36,184,9,49
2013,8,20,1227,-3,1526,-32,DL,N907DL,2098,LGA,MIA,152,1096,12,27
2013,12,5,1515,20,1819,-1,AA,N3KJAA,2297,LGA,MIA,148,1096,15,15
2013,8,25,1734,-1,2034,-34,DL,N703TW,1543,JFK,SEA,324,2422,17,34
2013,3,29,1005,-9,1250,-22,UA,N14214,1148,EWR,TPA,143,997,10,5
2013,10,10,853,5,1123,13,UA,N57111,1643,EWR,DEN,216,1605,8,53
2013,7,5,726,-4,952,-33,AA,N327AA,33,JFK,LAX,303,2475,7,26
2013,3,16,604,-2,737,-20,UA,N431UA,216,EWR,CLE,72,404,6,4
2013,10,24,1627,-3,2005,25,AA,N329AA,181,JFK,LAX,330,2475,16,27
2013,8,13,1008,23,1126,1,AA,N493AA,317,LGA,ORD,117,733,10,8
2013,10,29,1258,-2,1537,-28,UA,N30401,1158,EWR,MIA,138,1085,12,58
2013,5,24,2014,49,2322,52,AA,N3GDAA,1787,JFK,TPA,138,1005,20,14
2013,2,23,936,-9,1132,-2,UA,N26210,1523,EWR,CLE,75,404,9,36
2013,9,9,1656,-4,1937,-15,DL,N332NB,1585,LGA,MCO,118,950,16,56
2013,1,30,652,-8,804,-3,US,N745VJ,2163,LGA,DCA,47,214,6,52
2013,3,21,1900,0,2152,-34,DL,N938DL,2190,JFK,MIA,152,1089,19,0
2013,3,1,811,-4,1130,3,DL,N932DL,1023,LGA,TPA,165,1010,8,11
2013,3,1,1056,-4,1427,3,DL,N945DL,2261,LGA,MIA,169,1096,10,56
2013,6,18,1254,-6,1401,-8,US,N946UW,2128,LGA,BOS,33,184,12,54
2013,6,1,1000,0,1311,-15,DL,N712TW,1765,JFK,SFO,332,2586,10,0
2013,5,20,1307,-8,1439,-22,US,N562UW,1895,EWR,CLT,72,529,13,7
2013,11,30,1220,-5,1523,-12,AA,N5DTAA,1697,JFK,MIA,160,1089,12,20
2013,4,1,1642,97,2008,106,UA,N11206,1178,EWR,AUS,223,1504,16,42
2013,7,10,1846,17,2134,59,US,N553UW,297,JFK,CLT,96,541,18,46
2013,2,6,740,-5,1115,-10,AA,N383AA,59,JFK,SFO,363,2586,7,40
2013,11,1,854,-5,1147,-12,AA,N3CWAA,1121,LGA,DFW,204,1389,8,54
2013,8,15,1844,-1,1956,-34,AA,N579AA,359,LGA,ORD,103,733,18,44
2013,1,14,1644,-6,1751,-29,AA,N3GGAA,1790,JFK,BOS,42,187,16,44
2013,3,24,1543,-2,1827,3,DL,N398DA,95,JFK,ATL,122,760,15,43
2013,10,8,854,-16,1128,-47,AA,N3EFAA,1121,LGA,DFW,178,1389,8,54
2013,3,31,1557,17,1833,21,UA,N561UA,418,EWR,LAS,317,2227,15,57
2013,7,27,653,-7,814,-21,AA,N502AA,305,LGA,ORD,113,733,6,53
2013,5,31,1732,-3,2117,12,AA,N5EHAA,543,JFK,MIA,148,1089,17,32
2013,1,26,1733,4,2019,-2,UA,N17105,1109,EWR,MCO,137,937,17,33
2013,5,4,1908,-2,2151,-40,DL,N3767,83,JFK,FLL,142,1069,19,8
2013,8,3,1523,23,1814,24,AA,N433AA,883,EWR,DFW,189,1372,15,23
2013,4,16,913,-7,1246,21,AA,N4UCAA,1739,EWR,DFW,194,1372,9,13
2013,5,17,1124,-6,1333,3,US,N558UW,1625,LGA,CLT,78,544,11,24
2013,12,5,856,-4,1122,48,UA,N78866,1030,EWR,ORD,118,719,8,56
2013,6,29,931,7,1325,-3,UA,N16732,1519,EWR,STT,209,1634,9,31
2013,3,3,724,-6,1012,-48,AA,N324AA,33,JFK,LAX,322,2475,7,24
2013,12,4,2018,-1,16,31,UA,N73270,1224,EWR,LAX,379,2454,20,18
2013,9,22,556,-4,836,-14,UA,N36207,1115,EWR,TPA,141,997,5,56
2013,10,20,1630,1,1907,-43,DL,N3772H,1394,JFK,PDX,317,2454,16,30
2013,8,19,1545,15,1908,28,DL,N326US,1935,LGA,TPA,181,1010,15,45
2013,3,7,1855,17,2105,1,UA,N484UA,390,EWR,DEN,226,1605,18,55
2013,11,28,1633,3,2120,-10,AA,N5BYAA,95,JFK,SJU,206,1598,16,33
2013,11,22,1656,56,1827,46,UA,N29717,1051,LGA,ORD,133,733,16,56
2013,12,24,1625,-5,1949,-8,US,N657AW,627,EWR,PHX,309,2133,16,25
2013,3,23,1452,-4,1759,2,UA,N17244,1122,EWR,PBI,170,1023,14,52
2013,8,11,1708,3,1847,9,UA,N16713,1150,EWR,ORD,108,719,17,8
2013,12,27,700,0,1019,-11,DL,N709TW,486,JFK,SLC,283,1990,7,0
2013,3,5,1455,10,1756,-6,DL,N372NW,1531,LGA,RSW,152,1080,14,55
2013,9,22,1120,-5,1235,-35,AA,N3AKAA,327,LGA,ORD,105,733,11,20
2013,2,15,1435,9,1606,-30,DL,N365NW,1819,LGA,MSP,139,1020,14,35
2013,3,5,1244,-6,1440,-10,DL,N357NB,1131,LGA,DTW,94,502,12,44
2013,2,13,1010,-5,1304,-36,US,N677AW,75,EWR,PHX,277,2133,10,10
2013,5,30,1049,-6,1330,-33,DL,N399DA,1275,JFK,SLC,257,1990,10,49
2013,12,4,1815,50,2129,42,UA,N474UA,237,EWR,PDX,330,2434,18,15
2013,4,9,1740,-5,2035,-15,AA,N3HYAA,785,LGA,DFW,203,1389,17,40
2013,10,7,1822,67,2021,44,UA,N523UA,509,LGA,DEN,220,1620,18,22
2013,11,14,1057,-2,1220,-10,UA,N425UA,775,EWR,ORD,113,719,10,57
2013,9,3,736,9,1010,3,UA,N578UA,261,LGA,IAH,180,1416,7,36
2013,3,18,1509,39,1749,14,AA,N4XKAA,883,EWR,DFW,204,1372,15,9
2013,7,17,1722,13,1902,7,UA,N14230,1443,LGA,ORD,104,733,17,22
2013,12,26,1629,44,1918,13,AA,N3BDAA,1156,LGA,DFW,212,1389,16,29
2013,11,8,1927,14,2246,19,UA,N38446,1149,EWR,SEA,346,2402,19,27
2013,1,9,1725,-5,1959,-5,FL,N329AT,623,LGA,ATL,130,762,17,25
2013,8,18,903,22,1139,-3,UA,N537UA,212,EWR,SFO,318,2565,9,3
2013,10,15,2011,66,2236,65,DL,N378DA,2454,JFK,DEN,234,1626,20,11
2013,8,9,702,2,957,-9,DL,N995DL,2003,LGA,MIA,142,1096,7,2
2013,10,31,1449,-6,1606,-7,DL,N318US,1164,JFK,BOS,40,187,14,49
2013,6,17,1203,48,1503,63,AA,N3HGAA,739,LGA,DFW,195,1389,12,3
2013,10,13,801,-4,956,-38,DL,N358NW,2457,LGA,MSY,151,1183,8,1
2013,8,11,1956,-4,2234,-36,DL,N956DL,2391,JFK,TPA,143,1005,19,56
2013,4,24,1831,8,2119,32,DL,N340NW,1715,LGA,MSY,179,1183,18,31
2013,12,26,1522,-8,1830,-39,UA,N568UA,257,JFK,SFO,333,2586,15,22
2013,7,24,1928,-2,2239,7,DL,N981DL,1435,LGA,TPA,142,1010,19,28
2013,1,14,648,-11,939,-20,AA,N5EWAA,1815,JFK,MCO,135,944,6,48
2013,6,14,558,-2,651,-4,US,N957UW,1629,LGA,PHL,36,96,5,58
2013,9,16,1155,-5,1336,2,UA,N848UA,255,LGA,ORD,110,733,11,55
2013,10,23,1527,-2,1851,4,UA,N37255,1246,EWR,SFO,338,2565,15,27
2013,10,14,1711,-1,1939,-23,UA,N854UA,246,EWR,DFW,183,1372,17,11
2013,1,6,1648,-7,1950,-39,DL,N336NB,706,JFK,AUS,226,1521,16,48
2013,8,4,1455,0,1610,-20,DL,N324NB,1164,JFK,BOS,39,187,14,55
2013,7,27,655,-5,912,-13,DL,N671DN,1547,LGA,ATL,110,762,6,55
2013,2,13,655,-5,757,-10,US,N701UW,2163,LGA,DCA,47,214,6,55
2013,12,23,1024,-1,1349,-15,UA,N598UA,642,JFK,SFO,343,2586,10,24
2013,2,22,1914,-6,2055,-5,AA,N3DXAA,359,LGA,ORD,135,733,19,14
2013,8,6,753,-7,920,5,US,N746UW,2171,LGA,DCA,44,214,7,53
2013,10,20,2017,47,2319,46,UA,N75429,1466,EWR,TPA,155,997,20,17
2013,7,12,2224,35,2332,28,UA,N36476,1451,EWR,BOS,35,200,22,24
2013,5,1,655,10,903,-11,UA,N17245,1409,EWR,DEN,221,1605,6,55
2013,7,3,1823,8,2135,0,DL,N190DN,17,JFK,LAX,311,2475,18,23
2013,2,3,1604,4,1907,-26,DL,N918DE,161,JFK,MIA,148,1089,16,4
2013,10,30,805,-5,1050,-21,DL,N303DQ,1167,JFK,TPA,139,1005,8,5
2013,1,12,953,-7,1159,-10,US,N749US,1277,LGA,CLT,81,544,9,53
2013,1,16,1904,64,2203,59,UA,N27724,1221,EWR,DFW,211,1372,19,4
2013,9,15,1019,-10,1206,-33,US,N651AW,604,EWR,PHX,274,2133,10,19
2013,7,18,1353,-6,1529,-27,US,N628AW,688,EWR,PHX,260,2133,13,53
2013,12,30,1837,1,2114,-43,DL,N3747D,2357,JFK,SAN,323,2446,18,37
2013,10,9,1242,-6,1428,-22,DL,N334NW,1131,LGA,DTW,78,502,12,42
2013,6,8,600,0,845,1,UA,N36280,1115,EWR,TPA,149,997,6,0
2013,7,23,901,8,1151,11,UA,N37267,1711,EWR,IAH,176,1400,9,1
2013,10,20,1055,-5,1338,-3,DL,N687DL,1647,LGA,ATL,123,762,10,55
2013,10,3,854,-6,1010,-24,UA,N807UA,235,LGA,ORD,105,733,8,54
2013,2,19,749,-6,948,-19,US,N750UW,1713,LGA,CLT,94,544,7,49
2013,8,17,624,-1,920,-14,UA,N13716,1150,EWR,SFO,331,2565,6,24
2013,6,20,850,0,1230,-21,DL,N3754A,301,JFK,SJU,197,1598,8,50
2013,2,14,1640,0,1932,19,UA,N13718,1268,EWR,ATL,128,746,16,40
2013,1,3,859,-1,1200,-20,AA,N612AA,647,JFK,MIA,160,1089,8,59
2013,12,2,1722,32,1846,22,UA,N810UA,708,EWR,ORD,116,719,17,22
2013,11,3,1538,10,1901,15,UA,N76254,1246,EWR,SFO,366,2565,15,38
2013,10,23,1614,-5,1827,-12,UA,N420UA,485,EWR,DEN,222,1605,16,14
2013,12,10,1834,19,2257,61,UA,N73291,1635,EWR,PHX,344,2133,18,34
2013,7,31,1824,-6,2003,-12,AA,N584AA,2019,LGA,STL,130,888,18,24
2013,9,22,1751,-4,2030,-25,AA,N3AWAA,1185,LGA,DFW,184,1389,17,51
2013,5,13,722,-3,1029,-11,AA,N320AA,443,JFK,MIA,158,1089,7,22
2013,12,6,1457,42,1825,71,UA,N78509,1232,EWR,IAH,226,1400,14,57
2013,11,23,1541,-9,1846,-20,DL,N989DL,2280,JFK,FLL,156,1069,15,41
2013,8,9,2005,100,2328,115,UA,N490UA,236,EWR,MIA,157,1085,20,5
2013,7,21,653,8,921,13,US,N508AY,15,JFK,PHX,293,2153,6,53
2013,5,15,657,-3,807,-1,US,N769US,2163,LGA,DCA,39,214,6,57
2013,6,6,1314,64,1621,71,AA,N4YCAA,743,LGA,DFW,200,1389,13,14
2013,8,5,625,-5,837,0,US,N188US,2085,LGA,CLT,94,544,6,25
2013,4,16,1853,-6,2134,-25,DL,N380DA,2159,JFK,MCO,124,944,18,53
2013,4,21,1558,-1,1850,13,DL,N612DL,847,LGA,ATL,122,762,15,58
2013,8,28,1251,-9,1353,-16,US,N967UW,2148,LGA,BOS,37,184,12,51
2013,5,6,1607,7,1900,-15,DL,N702TW,1461,JFK,LAX,313,2475,16,7
2013,3,7,719,-4,951,-29,UA,N527UA,321,EWR,IAH,190,1400,7,19
2013,6,17,1153,-6,1455,-5,UA,N29717,1163,EWR,SNA,333,2434,11,53
2013,11,3,1145,0,1428,-22,AA,N3HRAA,1623,EWR,MIA,145,1085,11,45
2013,7,23,744,-1,912,-3,UA,N13750,1253,EWR,ORD,121,719,7,44
2013,5,23,1704,69,1904,97,UA,N842UA,597,EWR,ORD,125,719,17,4
2013,11,14,834,-11,1115,-46,UA,N38268,1025,LGA,IAH,194,1416,8,34
2013,5,24,2027,14,2252,-12,UA,N17719,1265,EWR,IAH,176,1400,20,27
2013,10,31,1824,46,2058,53,FL,N278AT,626,LGA,ATL,112,762,18,24
2013,4,16,825,-5,1216,15,UA,N529UA,398,EWR,SFO,377,2565,8,25
2013,1,29,1738,-7,2000,7,DL,N968DL,2331,LGA,DTW,98,502,17,38
2013,2,1,654,-6,1032,-2,DL,N709TW,763,JFK,LAX,350,2475,6,54
2013,7,13,1545,0,1935,-26,DL,N3764D,4,JFK,SJU,191,1598,15,45
2013,6,30,1620,15,2009,56,DL,N3744F,706,JFK,AUS,213,1521,16,20
2013,12,21,1743,13,2047,-8,AA,N378AA,2351,JFK,MIA,153,1089,17,43
2013,4,5,1922,-7,2215,-32,DL,N348NB,1433,LGA,RSW,143,1080,19,22
2013,2,19,1938,39,2208,23,DL,N659DL,947,LGA,ATL,116,762,19,38
2013,10,8,1618,3,1845,-30,AA,N3EYAA,65,JFK,DFW,182,1391,16,18
2013,2,4,1928,-7,2213,-20,UA,N38727,1416,EWR,IAH,208,1400,19,28
2013,3,13,1850,-5,2136,-30,DL,N913DE,2391,JFK,TPA,150,1005,18,50
2013,3,21,1645,-1,1831,6,UA,N37464,1683,EWR,CLE,79,404,16,45
2013,1,13,1308,-7,1449,-15,US,N738US,1895,EWR,CLT,82,529,13,8
2013,5,16,1517,17,1647,9,UA,N491UA,741,LGA,ORD,115,733,15,17
2013,6,7,NA,NA,NA,NA,AA,N583AA,331,LGA,ORD,NA,733,NA,NA
2013,8,25,1338,-2,1618,-42,AA,N3JBAA,1073,LGA,MIA,137,1096,13,38
2013,8,12,657,2,958,28,AA,N3EFAA,711,LGA,DFW,199,1389,6,57
2013,4,17,650,-10,948,-22,AA,N3DWAA,2279,LGA,MIA,143,1096,6,50
2013,5,19,1557,4,1849,-11,UA,N17229,1200,EWR,SAN,332,2425,15,57
2013,1,21,1915,-10,2215,-14,DL,N906DL,1485,LGA,MCO,156,950,19,15
2013,12,21,827,17,1135,51,DL,N334NW,665,LGA,DEN,240,1620,8,27
2013,6,21,813,13,921,-1,UA,N24702,1199,EWR,BOS,43,200,8,13
2013,8,26,1318,8,1531,-5,FL,N951AT,348,LGA,ATL,101,762,13,18
2013,1,26,812,-3,1119,1,DL,N3749D,1429,JFK,LAS,322,2248,8,12
2013,9,9,1502,2,1755,-24,DL,N171DZ,161,JFK,SEA,319,2422,15,2
2013,1,6,1828,24,2030,46,UA,N402UA,326,EWR,ORD,106,719,18,28
2013,11,9,900,0,1224,9,DL,N199DN,422,JFK,LAX,327,2475,9,0
2013,6,18,1707,8,2006,6,UA,N441UA,334,EWR,SAT,220,1569,17,7
2013,3,6,925,-4,1201,-11,UA,N536UA,260,EWR,LAS,300,2227,9,25
2013,7,12,1140,-5,1322,2,AA,N4YFAA,1855,LGA,STL,117,888,11,40
2013,4,9,1905,5,2107,-27,DL,N327NB,1051,JFK,MSY,156,1182,19,5
2013,4,15,1105,-5,1345,-2,UA,N77258,1605,EWR,LAS,316,2227,11,5
2013,12,11,1825,10,2038,-4,DL,N347NB,2013,JFK,MSP,165,1029,18,25
2013,4,5,739,-6,1009,-2,DL,N323NB,807,EWR,ATL,119,746,7,39
2013,6,27,1238,8,1539,-19,DL,N965DL,1455,LGA,MIA,151,1096,12,38
2013,6,17,1845,70,2207,97,AA,N3DNAA,1901,JFK,IAH,200,1417,18,45
2013,12,11,1845,-5,2231,11,AA,N3HTAA,235,JFK,SEA,370,2422,18,45
2013,12,31,1542,-3,1935,15,AA,N327AA,133,JFK,LAX,376,2475,15,42
2013,10,22,909,-6,1218,-12,AA,N5EWAA,1499,JFK,MIA,163,1089,9,9
2013,12,26,825,-5,1130,-24,UA,N596UA,443,JFK,LAX,336,2475,8,25
2013,5,31,1530,0,1919,14,AA,N371AA,85,JFK,SFO,380,2586,15,30
2013,6,29,647,3,748,-22,UA,N37437,1171,EWR,ORD,100,719,6,47
2013,12,14,1827,117,2324,114,AA,N5DVAA,95,JFK,SJU,186,1598,18,27
2013,1,2,1519,3,1833,5,UA,N14107,1600,EWR,LAX,346,2454,15,19
2013,5,27,1536,-4,1719,-22,US,N704US,1899,LGA,CLT,78,544,15,36
2013,7,14,1654,34,1935,-10,AA,N3EPAA,1467,LGA,MIA,136,1096,16,54
2013,6,29,842,34,1131,23,UA,N406UA,769,EWR,LAX,309,2454,8,42
2013,6,2,1118,-7,1400,-27,UA,N505UA,703,JFK,LAX,313,2475,11,18
2013,9,15,1127,-3,1306,-15,DL,N332NW,667,EWR,MSP,145,1008,11,27
2013,7,28,1837,37,2052,40,DL,N358NW,1321,EWR,MSP,135,1008,18,37
2013,6,9,1243,-7,1418,-36,DL,N355NB,1131,LGA,DTW,80,502,12,43
2013,10,27,1440,0,1622,-16,DL,N336NB,1231,LGA,DTW,85,502,14,40
2013,5,30,2023,11,2308,-22,UA,N87531,1615,EWR,AUS,199,1504,20,23
2013,6,17,2138,128,4,109,DL,N368NW,2041,JFK,ATL,112,760,21,38
2013,10,1,753,-4,947,-37,UA,N822UA,245,EWR,DEN,214,1605,7,53
2013,7,21,1454,-1,1857,-8,AA,N5ETAA,1635,JFK,SJU,200,1598,14,54
2013,9,18,621,-9,901,-29,UA,N596UA,797,JFK,LAX,317,2475,6,21
2013,10,27,1300,-5,1540,-19,UA,N17133,1641,EWR,MCO,134,937,13,0
2013,6,12,1153,-7,1504,-3,UA,N525UA,580,JFK,SFO,339,2586,11,53
2013,4,29,2053,-7,2151,-19,US,N963UW,2144,LGA,BOS,29,184,20,53
2013,3,7,1154,-6,1310,-29,UA,N446UA,394,LGA,ORD,112,733,11,54
2013,12,6,555,-4,729,-6,UA,N33292,1153,EWR,ORD,131,719,5,55
2013,12,21,1252,-8,1422,9,US,N951UW,2181,LGA,DCA,66,214,12,52
2013,12,27,2038,52,2252,0,DL,N375DA,2590,JFK,LAS,294,2248,20,38
2013,6,23,1159,-1,1435,-17,UA,N404UA,999,LGA,IAH,184,1416,11,59
2013,6,23,2010,5,2326,29,UA,N73276,1241,EWR,TPA,133,997,20,10
2013,1,20,622,1,924,-6,UA,N593UA,772,EWR,MIA,162,1085,6,22
2013,7,7,907,-8,1200,-31,DL,N989DL,2379,LGA,FLL,150,1076,9,7
2013,11,19,908,-2,1228,8,AA,N329AA,1,JFK,LAX,341,2475,9,8
2013,1,25,1239,4,1531,-4,UA,N24202,1000,EWR,MIA,157,1085,12,39
2013,11,7,2228,68,113,64,UA,N521UA,352,EWR,IAH,202,1400,22,28
2013,3,8,NA,NA,NA,NA,US,,2169,LGA,DCA,NA,214,NA,NA
2013,7,22,653,-7,955,-14,DL,N946DL,1879,LGA,FLL,147,1076,6,53
2013,5,13,716,16,1017,10,DL,N915DL,2003,LGA,MIA,159,1096,7,16
2013,6,19,928,-2,1215,-19,DL,N705TW,1443,JFK,SEA,319,2422,9,28
2013,9,8,1954,55,2134,7,DL,N3745B,801,JFK,PHX,263,2153,19,54
2013,4,27,1228,-7,1517,-3,AA,N454AA,1179,EWR,DFW,203,1372,12,28
2013,1,14,1454,-1,1813,-12,AA,N5EYAA,1769,JFK,MIA,156,1089,14,54
2013,11,22,1528,-2,1851,-14,UA,N597UA,257,JFK,SFO,364,2586,15,28
2013,1,1,1729,11,2052,-3,UA,N14120,1284,EWR,SFO,360,2565,17,29
2013,4,3,1921,-8,2225,-22,DL,N320NB,1433,LGA,RSW,158,1080,19,21
2013,11,25,609,-6,904,-11,UA,N480UA,482,EWR,FLL,152,1065,6,9
2013,5,15,639,-11,925,-20,AA,N3EWAA,711,LGA,DFW,200,1389,6,39
2013,1,1,2018,-2,2314,-10,UA,N13718,1299,EWR,RSW,157,1068,20,18
2013,12,16,826,-4,1056,-9,DL,N3733Z,433,JFK,ATL,116,760,8,26
2013,3,15,1504,181,1735,156,UA,N828UA,292,EWR,IAH,186,1400,15,4
2013,7,8,1843,8,2214,19,AA,N3GXAA,269,JFK,SEA,348,2422,18,43
2013,1,16,552,-8,1048,83,UA,N510UA,303,JFK,SFO,366,2586,5,52
2013,2,26,840,-4,1207,16,UA,N574UA,235,EWR,FLL,175,1065,8,40
2013,6,4,758,-2,1025,0,UA,N568UA,596,LGA,DEN,228,1620,7,58
2013,7,22,1042,7,1357,7,AA,N3JBAA,1879,LGA,MIA,150,1096,10,42
2013,6,18,NA,NA,NA,NA,UA,,569,EWR,ORD,NA,719,NA,NA
2013,6,8,2052,14,32,2,UA,N37466,1244,EWR,SJU,202,1608,20,52
2013,6,1,1816,11,1920,-10,DL,N372NW,2383,LGA,PWM,41,269,18,16
2013,7,18,NA,NA,NA,NA,US,,2171,LGA,DCA,NA,214,NA,NA
2013,4,6,1454,-1,1817,-8,DL,N706TW,963,JFK,LAX,346,2475,14,54
2013,3,28,1346,1,1647,-18,AA,N3AFAA,1073,LGA,MIA,155,1096,13,46
2013,9,14,840,5,1129,-12,UA,N410UA,446,EWR,MIA,152,1085,8,40
2013,10,17,1200,0,1452,-14,DL,N705TW,423,JFK,LAX,325,2475,12,0
2013,10,6,1057,-8,1328,-29,DL,N905DE,695,JFK,MCO,126,944,10,57
2013,6,16,1724,4,2019,-6,AA,N3FVAA,695,JFK,AUS,208,1521,17,24
2013,11,28,804,-2,1116,-24,UA,N573UA,281,EWR,SFO,345,2565,8,4
2013,8,24,625,-5,737,-18,AA,N3FBAA,303,LGA,ORD,106,733,6,25
2013,12,11,742,-3,1046,-16,DL,N721TW,440,JFK,SEA,345,2422,7,42
2013,9,19,1654,-6,2005,-3,DL,N3771K,1394,JFK,PDX,319,2454,16,54
2013,2,6,858,-2,1159,-21,AA,N5CNAA,647,JFK,MIA,149,1089,8,58
2013,12,30,656,-4,954,-13,DL,N336NW,2518,LGA,PBI,151,1035,6,56
2013,10,31,857,-2,1201,2,AA,N3KRAA,1121,LGA,DFW,208,1389,8,57
2013,4,30,951,-9,1250,-44,DL,N717TW,1765,JFK,SFO,330,2586,9,51
2013,3,29,915,0,1244,-32,DL,N3764D,301,JFK,SJU,192,1598,9,15
2013,3,3,1556,-9,1847,-52,DL,N957DL,1508,JFK,RSW,141,1074,15,56
2013,4,11,1724,-1,2021,-19,AA,N3BLAA,145,JFK,SAN,329,2446,17,24
2013,9,21,1436,11,1730,1,UA,N18220,1054,EWR,LAX,333,2454,14,36
2013,7,17,1936,21,2213,-17,AA,N319AA,21,JFK,LAX,289,2475,19,36
2013,1,26,556,-4,836,-1,DL,N667DN,461,LGA,ATL,117,762,5,56
2013,2,11,554,-6,731,-14,AA,N3JPAA,301,LGA,ORD,125,733,5,54
2013,2,12,751,-4,1056,-14,AA,N3ENAA,2267,LGA,MIA,156,1096,7,51
2013,11,12,712,12,851,14,UA,N24224,1190,LGA,ORD,112,733,7,12
2013,3,6,854,-6,1201,-19,AA,N329AA,1,JFK,LAX,334,2475,8,54
2013,2,5,1934,14,2101,1,AA,N3AJAA,359,LGA,ORD,119,733,19,34
2013,4,20,814,-1,1141,29,DL,N309DE,1167,JFK,TPA,170,1005,8,14
2013,9,9,1548,13,1846,-13,UA,N512UA,257,JFK,SFO,323,2586,15,48
2013,2,10,2053,-7,2213,7,US,N715UW,2144,LGA,BOS,40,184,20,53
2013,1,1,1103,3,1410,-11,DL,N339NW,2071,LGA,MIA,155,1096,11,3
2013,3,1,725,-5,1006,-24,UA,N535UA,825,LGA,IAH,202,1416,7,25
2013,2,17,1911,-1,2313,35,UA,N33294,1100,EWR,SFO,377,2565,19,11
2013,12,14,1256,-4,1650,45,AA,N470AA,300,EWR,DFW,229,1372,12,56
2013,7,15,700,-4,930,-34,UA,N37434,1103,EWR,PDX,314,2434,7,0
2013,12,4,928,-2,1207,-29,DL,N930DL,1885,LGA,MCO,127,950,9,28
2013,11,5,654,-6,927,-24,DL,N314US,2285,LGA,MCO,124,950,6,54
2013,9,13,1505,0,1820,10,AA,N3CGAA,1155,LGA,DFW,198,1389,15,5
2013,7,2,824,-1,1025,8,US,N154UW,1831,JFK,CLT,90,541,8,24
2013,5,10,1458,28,1623,22,UA,N37253,1608,EWR,ORD,115,719,14,58
2013,6,1,955,-5,1113,0,US,N945UW,2122,LGA,BOS,40,184,9,55
2013,7,5,2113,-2,57,-29,DL,N3752,347,JFK,SJU,192,1598,21,13
2013,6,5,1724,-4,2016,-24,UA,N544UA,682,EWR,LAX,327,2454,17,24
2013,3,22,810,0,1107,-24,DL,N932DL,2143,JFK,MIA,152,1089,8,10
2013,9,19,653,-2,1046,-6,DL,N6707A,315,JFK,SJU,197,1598,6,53
2013,12,23,1458,-12,1800,-35,AA,N3JVAA,1327,LGA,PBI,157,1035,14,58
2013,4,5,1559,-1,1853,15,DL,N633DL,847,LGA,ATL,102,762,15,59
2013,1,15,NA,NA,NA,NA,UA,,424,EWR,PBI,NA,1023,NA,NA
2013,1,17,718,-2,921,-7,DL,N947DL,831,LGA,DTW,93,502,7,18
2013,1,10,450,-10,634,-14,US,N171US,1117,EWR,CLT,78,529,4,50
2013,12,15,NA,NA,NA,NA,UA,,511,EWR,LAS,NA,2227,NA,NA
2013,5,28,1353,-7,1655,-18,UA,N830UA,499,EWR,SFO,341,2565,13,53
2013,11,4,1524,-6,1911,26,AA,N328AA,133,JFK,LAX,353,2475,15,24
2013,10,15,2021,-4,2125,-15,AA,N3KGAA,2314,JFK,BOS,36,187,20,21
2013,6,16,1708,0,2051,18,UA,N596UA,512,JFK,SFO,363,2586,17,8
2013,5,2,1621,-9,1819,-32,US,N679AW,140,EWR,PHX,280,2133,16,21
2013,1,10,700,0,837,-13,AA,N466AA,305,LGA,ORD,128,733,7,0
2013,10,25,1834,-1,2118,-28,DL,N941DL,2391,JFK,TPA,140,1005,18,34
2013,6,1,558,-2,832,-28,UA,N849UA,574,EWR,MIA,142,1085,5,58
2013,11,22,1814,-6,2251,66,AA,N3KYAA,119,EWR,LAX,363,2454,18,14
2013,5,22,1455,10,1654,3,DL,N332NB,1231,LGA,DTW,75,502,14,55
2013,5,15,2122,30,2227,5,UA,N14237,1604,EWR,BOS,43,200,21,22
2013,6,8,1741,-4,2011,-39,AA,N3BGAA,785,LGA,DFW,195,1389,17,41
2013,3,25,715,15,1037,26,UA,N39463,1525,EWR,RSW,179,1068,7,15
2013,12,6,553,-7,655,-3,US,N946UW,1833,LGA,PHL,43,96,5,53
2013,9,26,1719,4,1854,-11,AA,N4YDAA,345,LGA,ORD,105,733,17,19
2013,8,2,1502,122,1731,111,AA,N582AA,1841,EWR,DFW,192,1372,15,2
2013,6,8,841,-4,1125,-19,DL,N330NW,1885,LGA,MCO,145,950,8,41
2013,11,4,1449,-3,1808,9,UA,N39726,1744,LGA,IAH,211,1416,14,49
2013,7,10,902,3,1127,-10,DL,N908DL,1747,LGA,ATL,103,762,9,2
2013,7,25,1602,3,1857,-13,DL,N3759,706,JFK,AUS,192,1521,16,2
2013,5,20,2023,-2,2312,-13,DL,N3736C,1729,JFK,LAS,296,2248,20,23
2013,12,4,826,-4,1219,14,UA,N516UA,394,EWR,SFO,369,2565,8,26
2013,1,14,738,-2,1036,-29,DL,N624AG,1889,JFK,SEA,322,2422,7,38
2013,7,12,826,-4,1108,-12,UA,N480UA,691,EWR,MCO,137,937,8,26
2013,5,8,946,3,1248,-6,UA,N78501,1574,EWR,FLL,155,1065,9,46
2013,5,8,731,0,1008,-7,UA,N37456,1711,EWR,IAH,190,1400,7,31
2013,10,27,945,-5,1249,-21,AA,N3GLAA,1160,LGA,MIA,152,1096,9,45
2013,2,19,626,-4,852,-7,DL,N335NB,1899,LGA,MSY,186,1183,6,26
2013,10,15,609,9,847,32,FL,N284AT,345,LGA,ATL,121,762,6,9
2013,10,9,845,-5,944,-22,DL,N370NB,2445,JFK,BOS,37,187,8,45
2013,2,22,639,-6,849,3,US,N187US,1433,EWR,CLT,92,529,6,39
2013,7,8,1238,-7,1341,-14,AA,N3GFAA,1850,JFK,BOS,37,187,12,38
2013,10,30,1217,-2,1552,33,UA,N16703,1496,EWR,SNA,377,2434,12,17
2013,4,19,1314,29,1518,33,DL,N370NB,1131,LGA,DTW,85,502,13,14
2013,8,28,1128,-1,1438,9,AA,N3APAA,739,LGA,DFW,179,1389,11,28
2013,2,13,1552,-8,1928,3,AA,N3JYAA,1467,LGA,MIA,177,1096,15,52
2013,1,4,654,-5,926,-12,DL,N646DL,1547,LGA,ATL,116,762,6,54
2013,4,17,1641,-4,1834,-16,DL,N339NB,1473,LGA,MEM,137,963,16,41
2013,6,30,2212,22,102,2,AA,N327AA,185,JFK,LAX,306,2475,22,12
2013,12,13,1158,-2,1504,-17,DL,N723TW,423,JFK,LAX,340,2475,11,58
2013,2,20,1819,-6,2101,12,UA,N478UA,475,EWR,DEN,240,1605,18,19
2013,10,7,721,-4,932,-21,UA,N76526,1162,EWR,MSY,177,1167,7,21
2013,2,28,626,-4,841,-2,US,N181UW,1433,LGA,CLT,90,544,6,26
2013,8,20,1124,-6,1313,-17,US,N171US,2077,LGA,CLT,79,544,11,24
2013,6,26,1824,-1,2242,76,DL,N371DA,2370,LGA,PBI,167,1035,18,24
2013,8,18,556,-4,832,-6,UA,N75425,1592,EWR,MCO,136,937,5,56
2013,10,30,1556,-4,1726,-13,UA,N842UA,269,LGA,ORD,123,733,15,56
2013,4,6,856,-4,1203,-12,AA,N5FGAA,647,JFK,MIA,143,1089,8,56
2013,8,5,1900,0,2119,-51,DL,N3742C,2159,JFK,MCO,115,944,19,0
2013,8,14,1939,19,2121,36,AA,N3KKAA,1762,JFK,BOS,38,187,19,39
2013,1,3,1307,30,1615,38,UA,N38268,1186,EWR,MIA,170,1085,13,7
2013,11,20,958,-2,1224,-21,DL,N982DL,1847,LGA,ATL,109,762,9,58
2013,10,19,1254,-6,1401,-14,US,N945UW,2181,LGA,DCA,50,214,12,54
2013,7,7,1019,-6,1117,-48,AA,N484AA,325,LGA,ORD,103,733,10,19
2013,3,21,2101,1,12,-20,DL,N713TW,2363,JFK,LAX,336,2475,21,1
2013,1,20,749,-6,1103,-7,AA,N3JSAA,2267,LGA,MIA,163,1096,7,49
2013,9,19,1858,-2,2111,-21,DL,N920DL,947,LGA,ATL,105,762,18,58
2013,12,9,1713,-2,1913,-2,AA,N3BJAA,199,JFK,ORD,150,740,17,13
2013,3,4,917,-3,1239,-6,AA,N4UCAA,721,LGA,DFW,209,1389,9,17
2013,6,10,1522,2,1806,-8,UA,N19130,1600,EWR,LAX,319,2454,15,22
2013,4,1,1723,-2,2028,-8,DL,N347NW,1185,EWR,SLC,271,1969,17,23
2013,8,5,2108,0,8,9,UA,N830UA,301,EWR,PBI,135,1023,21,8
2013,1,5,1717,-3,1852,-23,AA,N3DBAA,1351,JFK,ORD,134,740,17,17
2013,10,11,755,-5,1034,-14,DL,N3754A,1959,JFK,MCO,124,944,7,55
2013,1,23,1418,-2,1710,-3,UA,N17139,1618,EWR,TPA,149,997,14,18
2013,7,3,658,-2,948,18,DL,N646DL,1547,LGA,ATL,123,762,6,58
2013,9,23,1208,-7,1510,1,DL,N344NW,1685,LGA,MCO,125,950,12,8
2013,4,11,1954,-6,2113,-11,DL,N333NW,985,JFK,BOS,31,187,19,54
2013,12,20,1645,0,1915,2,DL,N977AT,2042,EWR,ATL,116,746,16,45
2013,4,26,1704,-1,1953,-13,UA,N73406,1627,EWR,PBI,152,1023,17,4
2013,8,23,1602,-3,1729,-11,AA,N3AFAA,1750,JFK,BOS,32,187,16,2
2013,11,21,742,-3,1044,-14,DL,N706TW,183,JFK,SEA,343,2422,7,42
2013,5,1,2007,-13,2251,-31,UA,N842UA,489,EWR,DFW,177,1372,20,7
2013,5,6,1109,9,1232,19,US,N724UW,2171,LGA,DCA,41,214,11,9
2013,10,7,752,-6,942,-38,UA,N567UA,561,LGA,DEN,208,1620,7,52
2013,7,23,1026,-3,1215,-24,US,N534UW,196,JFK,PHX,270,2153,10,26
2013,8,1,1519,-1,1754,-11,DL,N376DA,1773,JFK,LAS,298,2248,15,19
2013,11,12,1125,25,1509,58,DL,N314NB,2506,LGA,FLL,176,1076,11,25
2013,2,15,1742,-3,2042,-35,DL,N37700,2323,JFK,PDX,319,2454,17,42
2013,1,23,2140,40,2237,26,US,N709UW,2191,LGA,DCA,40,214,21,40
2013,4,29,859,-1,1145,2,DL,N642DL,1747,LGA,ATL,124,762,8,59
2013,4,26,1849,19,2231,55,UA,N12238,1152,EWR,PDX,335,2434,18,49
2013,12,9,800,0,958,20,UA,N817UA,331,LGA,ORD,133,733,8,0
2013,4,8,1354,34,1727,16,DL,N3769L,315,JFK,SJU,189,1598,13,54
2013,8,29,1252,2,1535,-12,DL,N3769L,1375,JFK,SLC,252,1990,12,52
2013,8,1,1056,-4,1344,-5,DL,N944DL,695,JFK,MCO,137,944,10,56
2013,9,23,1643,23,1920,-15,AA,N3BWAA,172,EWR,MIA,136,1085,16,43
2013,6,6,559,-1,832,-28,UA,N17139,1175,JFK,LAX,309,2475,5,59
2013,10,10,2023,23,2135,15,US,N752US,2195,LGA,DCA,43,214,20,23
2013,7,20,912,32,1208,18,UA,N456UA,527,EWR,SEA,330,2402,9,12
2013,10,12,1542,-3,1806,-12,DL,N3748Y,843,JFK,ATL,99,760,15,42
2013,7,28,1837,87,2338,183,UA,N597UA,512,JFK,SFO,356,2586,18,37
2013,8,12,1322,12,1603,27,FL,N717JL,348,LGA,ATL,114,762,13,22
2013,10,9,1354,-6,1506,-1,US,N965UW,2150,LGA,BOS,35,184,13,54
2013,9,24,1654,-6,1812,-5,US,N742PS,2189,LGA,DCA,43,214,16,54
2013,9,29,2036,7,2130,-19,UA,N15712,1049,EWR,BOS,36,200,20,36
2013,4,15,704,-6,941,-21,UA,N17233,1718,EWR,TPA,135,997,7,4
2013,7,25,914,-1,1219,9,AA,N329AA,1,JFK,LAX,311,2475,9,14
2013,7,25,1539,84,1747,78,DL,N302DQ,673,EWR,ATL,106,746,15,39
2013,11,20,1142,-3,1425,-8,UA,N17126,1180,EWR,MCO,136,937,11,42
2013,5,9,1003,3,1145,8,UA,N76516,1433,LGA,ORD,107,733,10,3
2013,2,5,2000,-5,2305,-7,UA,N15710,1405,EWR,TPA,156,997,20,0
2013,1,7,738,8,1017,-28,UA,N36207,10,LGA,IAH,198,1416,7,38
2013,6,12,1517,17,1659,13,UA,N78524,1435,LGA,ORD,121,733,15,17
2013,6,13,851,2,1318,84,UA,N77518,1401,EWR,MIA,170,1085,8,51
2013,5,6,954,-5,1155,-5,US,N765US,1277,LGA,CLT,79,544,9,54
2013,3,11,1851,-6,2137,-20,DL,N371DA,2159,JFK,MCO,134,944,18,51
2013,3,5,1831,62,2210,73,UA,N532UA,512,JFK,SFO,360,2586,18,31
2013,12,17,1650,20,2201,31,AA,N633AA,95,JFK,SJU,202,1598,16,50
2013,1,28,1617,47,1807,42,AA,N512AA,2223,LGA,STL,148,888,16,17
2013,1,11,737,-8,854,-28,UA,N485UA,560,EWR,ORD,115,719,7,37
2013,12,18,1350,0,1641,-25,DL,N353NB,2517,LGA,MIA,144,1096,13,50
2013,12,9,1858,-2,2259,10,DL,N707TW,435,JFK,SFO,373,2586,18,58
2013,7,23,NA,NA,NA,NA,US,,2128,LGA,BOS,NA,184,NA,NA
2013,5,6,658,-2,1024,17,DL,N907DE,2003,LGA,MIA,153,1096,6,58
2013,2,27,1030,0,1305,-35,AA,N327AA,19,JFK,LAX,308,2475,10,30
2013,1,7,658,-2,945,-49,DL,N711ZX,763,JFK,LAX,311,2475,6,58
2013,8,27,928,143,1206,116,UA,N449UA,482,EWR,FLL,139,1065,9,28
2013,3,6,2026,70,2320,73,UA,N537UA,552,EWR,SEA,330,2402,20,26
2013,3,4,830,-5,1122,-18,DL,N973DL,1959,JFK,MCO,132,944,8,30
2013,7,4,1509,14,1628,4,DL,N704X,1164,JFK,BOS,36,187,15,9
2013,10,30,747,1,1049,28,UA,N11206,1289,EWR,LAS,313,2227,7,47
2013,5,8,654,-6,956,-38,DL,N722TW,1865,JFK,SFO,336,2586,6,54
2013,1,2,1853,-7,1959,-19,US,N957UW,2187,LGA,DCA,48,214,18,53
2013,4,24,654,-6,938,-32,AA,N3BHAA,2279,LGA,MIA,144,1096,6,54
2013,9,23,1159,-5,1408,-15,UA,N423UA,998,EWR,PHX,285,2133,11,59
2013,1,15,811,11,1115,-7,DL,N937DL,1271,JFK,FLL,154,1069,8,11
2013,5,11,1900,0,2132,-13,DL,N1604R,73,JFK,ATL,119,760,19,0
2013,2,27,1826,61,2116,36,AA,N369AA,145,JFK,SAN,323,2446,18,26
2013,10,3,1024,-6,1300,7,DL,N787NC,2343,EWR,ATL,107,746,10,24
2013,4,10,2147,103,123,134,UA,N77295,1299,EWR,RSW,143,1068,21,47
2013,8,23,1658,-7,1943,-21,DL,N37700,503,JFK,SAN,301,2446,16,58
2013,7,31,2005,5,2150,14,UA,N23707,1128,LGA,ORD,122,733,20,5
2013,7,15,721,-4,959,-11,AA,N3CLAA,1815,JFK,MCO,135,944,7,21
2013,5,6,734,-6,1000,-40,AA,N474AA,715,LGA,DFW,181,1389,7,34
2013,4,12,1339,59,1516,42,DL,N344NB,1697,EWR,DTW,80,488,13,39
2013,8,2,1500,0,1609,-3,US,N959UW,2152,LGA,BOS,42,184,15,0
2013,8,28,1631,11,1837,-25,DL,N174DN,843,JFK,ATL,99,760,16,31
2013,6,3,1142,-3,1345,-15,DL,N332NB,401,EWR,ATL,105,746,11,42
2013,2,7,1501,1,1743,1,DL,N675DL,2347,LGA,ATL,125,762,15,1
2013,4,16,NA,NA,NA,NA,AA,N3HEAA,1925,LGA,MIA,NA,1096,NA,NA
2013,4,25,912,-3,1308,36,DL,N354NW,2379,LGA,FLL,172,1076,9,12
2013,3,23,1132,32,1450,40,DL,N970DL,1455,LGA,SRQ,169,1047,11,32
2013,3,21,1528,-2,1844,-38,DL,N718TW,1322,JFK,SFO,349,2586,15,28
2013,12,21,1919,119,2240,130,AA,N202AA,2488,EWR,DFW,222,1372,19,19
2013,3,25,2038,23,2148,18,AA,N3AFAA,1762,JFK,BOS,36,187,20,38
2013,3,30,1452,-3,1804,-21,DL,N711ZX,963,JFK,LAX,346,2475,14,52
2013,12,12,1737,52,2015,49,DL,N327NB,884,LGA,DEN,243,1620,17,37
2013,12,5,1423,204,1607,189,DL,N333NB,1869,LGA,DTW,85,502,14,23
2013,10,30,1919,14,2206,1,AA,N586AA,1691,EWR,DFW,200,1372,19,19
2013,9,12,2049,292,2239,312,UA,N38443,1177,EWR,ORD,114,719,20,49
2013,10,1,1157,-3,1302,-10,DL,N336NB,2451,JFK,BOS,35,187,11,57
2013,2,28,1827,-3,2110,-35,UA,N587UA,725,EWR,LAX,308,2454,18,27
2013,11,1,2020,-5,9,-17,UA,N18223,1071,EWR,BQN,195,1585,20,20
2013,6,4,556,-4,758,2,DL,N358NB,731,LGA,DTW,92,502,5,56
2013,7,27,1649,-6,1929,-21,AA,N594AA,1507,EWR,DFW,194,1372,16,49
2013,3,18,626,-3,840,-9,DL,N359NB,575,EWR,ATL,116,746,6,26
2013,8,7,1437,-4,1729,-26,DL,N361NW,1779,LGA,FLL,147,1076,14,37
2013,4,11,1543,-2,1905,-5,AA,N320AA,133,JFK,LAX,338,2475,15,43
2013,12,1,1256,-4,1515,-7,DL,N355NB,2043,JFK,ATL,111,760,12,56
2013,6,4,1245,-5,1442,-19,UA,N432UA,289,EWR,MSY,157,1167,12,45
2013,12,10,1441,1,1659,15,DL,N902DE,1231,LGA,DTW,100,502,14,41
2013,10,6,1825,-4,2010,-23,US,N549UW,425,JFK,CLT,81,541,18,25
2013,7,14,1247,2,1536,-14,AA,N5CDAA,2041,JFK,MIA,137,1089,12,47
2013,6,14,1903,18,2130,10,DL,N3759,245,JFK,PHX,272,2153,19,3
2013,10,25,2016,-1,2238,-42,UA,N597UA,771,JFK,LAX,301,2475,20,16
2013,10,23,2111,12,2356,-2,UA,N38459,1416,EWR,MCO,143,937,21,11
2013,9,20,1920,-5,2216,-32,DL,N319US,498,JFK,SAT,212,1587,19,20
2013,7,1,651,-9,822,-13,AA,N543AA,305,LGA,ORD,111,733,6,51
2013,5,27,1158,-2,1417,-17,DL,N679DA,1947,LGA,ATL,104,762,11,58
2013,5,26,1408,-7,1521,-34,AA,N486AA,337,LGA,ORD,112,733,14,8
2013,6,9,2105,-7,NA,NA,UA,N566UA,226,EWR,MCO,NA,937,21,5
2013,7,27,1126,-5,1416,-16,DL,N328NB,1875,LGA,TPA,149,1010,11,26
2013,2,21,2004,4,2255,-12,UA,N570UA,961,EWR,MIA,152,1085,20,4
2013,7,22,925,10,1229,1,DL,N347NW,2379,LGA,FLL,144,1076,9,25
2013,7,29,1800,0,1952,-20,DL,N315US,1321,EWR,MSP,146,1008,18,0
2013,10,20,724,-5,1033,12,UA,N555UA,443,JFK,LAX,347,2475,7,24
2013,12,10,1055,-5,1440,29,DL,N966DL,499,JFK,FLL,176,1069,10,55
2013,7,13,947,2,1253,-12,AA,N3FBAA,1871,LGA,MIA,152,1096,9,47
2013,2,20,2021,-8,2326,-7,UA,N554UA,771,JFK,LAX,329,2475,20,21
2013,12,20,1834,9,2053,-15,DL,N3748Y,406,JFK,ATL,116,760,18,34
2013,11,4,1059,-1,1302,-2,DL,N320NB,1869,LGA,DTW,82,502,10,59
2013,5,12,555,-8,842,-52,UA,N596UA,303,JFK,SFO,321,2586,5,55
2013,9,25,1605,0,1843,-35,DL,N3756,706,JFK,AUS,194,1521,16,5
2013,6,3,650,4,938,-14,UA,N38446,1627,EWR,PBI,140,1023,6,50
2013,7,16,2131,2,2254,10,UA,N37471,1451,EWR,BOS,38,200,21,31
2013,3,24,1444,-1,1750,-29,DL,N718TW,963,JFK,LAX,335,2475,14,44
2013,4,30,1729,0,2019,-3,UA,N816UA,700,EWR,IAH,202,1400,17,29
2013,6,6,1445,-3,1726,-14,UA,N483UA,515,LGA,IAH,198,1416,14,45
2013,7,2,1100,0,1357,9,DL,N918DL,695,JFK,MCO,142,944,11,0
2013,12,23,753,4,1041,-22,UA,N536UA,623,EWR,SAN,333,2425,7,53
2013,3,26,1408,-7,1623,-8,DL,N344NB,935,EWR,ATL,107,746,14,8
2013,3,22,1312,-3,1453,-11,US,N566UW,1895,EWR,CLT,78,529,13,12
2013,11,10,1305,-5,1551,-19,UA,N476UA,577,EWR,MIA,147,1085,13,5
2013,7,13,631,-4,828,2,US,N562UW,1229,EWR,CLT,95,529,6,31
2013,3,5,605,-5,757,-19,DL,N319US,1919,LGA,MSP,145,1020,6,5
2013,5,12,552,-8,802,-13,FL,N353AT,345,LGA,ATL,113,762,5,52
2013,12,5,1455,0,1731,-34,AA,N5FSAA,2285,JFK,MCO,130,944,14,55
2013,1,5,1109,-6,1400,-25,AA,N3FUAA,2099,LGA,MIA,153,1096,11,9
2013,5,4,1750,5,1857,2,DL,N723TW,1247,JFK,PHL,32,94,17,50
2013,8,27,1551,-6,1659,-28,UA,N37413,1569,EWR,ORD,100,719,15,51
2013,11,29,1206,-4,1459,-21,AA,N3BGAA,1143,LGA,DFW,197,1389,12,6
2013,6,20,824,-2,1100,-42,UA,N35407,1210,EWR,SEA,313,2402,8,24
2013,3,16,641,-4,827,-19,US,N169UW,1019,EWR,CLT,85,529,6,41
2013,10,3,1613,-2,1858,-17,AA,N3JCAA,65,JFK,DFW,190,1391,16,13
2013,3,12,NA,NA,NA,NA,FL,N943AT,348,LGA,ATL,NA,762,NA,NA
2013,1,11,1047,167,1356,151,UA,N510UA,397,JFK,SFO,337,2586,10,47
2013,9,5,1710,10,1917,-4,DL,N344NB,2042,EWR,ATL,99,746,17,10
2013,12,21,819,-1,1014,-7,US,N651AW,409,EWR,CLT,95,529,8,19
2013,9,28,1808,13,2016,-6,DL,N3743H,1629,JFK,LAS,282,2248,18,8
2013,11,15,836,-4,1159,4,UA,N24706,1496,EWR,SNA,359,2434,8,36
2013,4,22,1739,39,2030,8,DL,N336NB,706,JFK,AUS,212,1521,17,39
2013,9,5,559,-1,802,-13,FL,N272AT,347,LGA,ATL,100,762,5,59
2013,8,21,1526,7,1814,1,UA,N41135,1600,EWR,LAX,318,2454,15,26
2013,9,13,755,30,1038,23,AA,N4YHAA,1381,EWR,DFW,189,1372,7,55
2013,5,8,1902,2,2143,-4,DL,N177DN,73,JFK,ATL,117,760,19,2
2013,10,2,1906,1,2058,-7,DL,N361NB,1473,LGA,MEM,133,963,19,6
2013,6,12,1123,-2,1518,38,AA,N3JNAA,2099,LGA,MIA,141,1096,11,23
2013,9,30,1744,4,2017,-18,AA,N3BPAA,67,JFK,SAN,306,2446,17,44
2013,8,12,836,-4,1149,17,UA,N589UA,443,JFK,LAX,343,2475,8,36
2013,3,12,2006,41,2307,24,DL,N922DL,2139,LGA,MIA,162,1096,20,6
2013,4,25,1852,112,2041,111,AA,N4XVAA,345,LGA,ORD,114,733,18,52
2013,9,23,1446,-3,1721,-29,UA,N496UA,501,LGA,IAH,187,1416,14,46
2013,5,9,1257,-3,1541,-15,UA,N478UA,439,LGA,IAH,201,1416,12,57
2013,3,22,2000,10,2243,14,UA,N39728,1482,EWR,PHX,313,2133,20,0
2013,12,2,1949,-11,2103,-12,US,N967UW,2162,LGA,BOS,36,184,19,49
2013,5,11,2012,12,2302,-39,UA,N16709,1134,EWR,SFO,335,2565,20,12
2013,7,11,2153,3,26,-34,AA,N338AA,185,JFK,LAX,306,2475,21,53
2013,2,15,2000,0,2052,-22,US,N945UW,2142,LGA,BOS,35,184,20,0
2013,2,1,720,65,929,69,US,N712US,1791,JFK,CLT,98,541,7,20
2013,2,7,1539,9,1755,21,US,N748UW,1665,LGA,CLT,96,544,15,39
2013,10,19,944,9,1255,-1,DL,N345NW,874,LGA,MIA,156,1096,9,44
2013,9,10,627,-8,813,-20,US,N157UW,2023,EWR,CLT,78,529,6,27
2013,8,26,1744,14,2014,-12,UA,N54241,1598,EWR,SAN,296,2425,17,44
2013,4,30,1526,-3,1741,-33,UA,N449UA,563,EWR,LAS,288,2227,15,26
2013,3,2,1523,-7,1838,-38,DL,N721TW,1322,JFK,SFO,348,2586,15,23
2013,10,4,1703,18,1928,10,DL,N779NC,2042,EWR,ATL,104,746,17,3
2013,11,1,1549,44,1853,23,AA,N5EVAA,145,JFK,MIA,159,1089,15,49
2013,12,14,1628,-2,2006,51,UA,N14121,1178,EWR,IAH,228,1400,16,28
2013,3,4,1855,-5,2012,-3,US,N752US,2187,LGA,DCA,41,214,18,55
2013,12,27,1050,62,1311,2,UA,N37281,1479,EWR,LAX,304,2454,10,50
2013,9,19,1856,41,2146,18,DL,N171DZ,17,JFK,LAX,325,2475,18,56
2013,3,17,851,-9,1007,-15,US,N753US,2167,LGA,DCA,44,214,8,51
2013,4,22,844,4,1146,-4,UA,N502UA,443,JFK,LAX,338,2475,8,44
2013,12,16,950,20,1529,2,UA,N66051,15,EWR,HNL,619,4963,9,50
2013,12,10,630,0,805,-10,AA,N3JTAA,303,LGA,ORD,132,733,6,30
2013,5,3,1248,-2,1451,-4,DL,N982DL,1131,LGA,DTW,74,502,12,48
2013,6,24,1938,351,2313,389,DL,N902DE,1685,LGA,MCO,129,950,19,38
2013,1,31,1918,-2,2243,-15,DL,N3763D,6,JFK,SLC,274,1990,19,18
2013,11,9,858,-2,1121,-7,FL,N958AT,348,LGA,ATL,112,762,8,58
2013,1,28,2030,25,2257,-14,UA,N473UA,754,EWR,TPA,131,997,20,30
2013,7,17,1456,0,1709,-15,UA,N76514,1222,EWR,LAS,276,2227,14,56
2013,3,13,1717,-3,1843,-32,AA,N3HVAA,1351,JFK,ORD,116,740,17,17
2013,4,30,654,-6,838,7,UA,N826UA,583,LGA,ORD,116,733,6,54
2013,5,16,1942,102,2246,98,UA,N76505,1637,EWR,TPA,152,997,19,42
2013,9,18,1854,-5,2048,-39,DL,N3771K,801,JFK,PHX,269,2153,18,54
2013,3,21,1655,-5,1906,-18,DL,N310DE,2042,EWR,ATL,107,746,16,55
2013,5,30,1243,-7,1434,-27,UA,N469UA,368,EWR,MSY,157,1167,12,43
2013,11,15,650,-5,1113,-37,DL,N3767,315,JFK,SJU,183,1598,6,50
2013,12,23,NA,NA,NA,NA,US,,2152,LGA,BOS,NA,184,NA,NA
2013,4,3,835,-3,945,-12,UA,N491UA,795,EWR,BOS,39,200,8,35
2013,6,6,1423,-7,1759,-46,AA,N5FSAA,1635,JFK,SJU,191,1598,14,23
2013,12,3,1737,22,2020,0,DL,N335NB,1585,LGA,MCO,133,950,17,37
2013,4,24,1753,-2,2109,-11,AA,N3FUAA,1611,LGA,MIA,154,1096,17,53
2013,7,29,2004,84,2322,93,UA,N53442,1684,EWR,MIA,166,1085,20,4
2013,3,26,1524,-6,1843,-27,AA,N385AA,85,JFK,SFO,352,2586,15,24
2013,7,30,1239,-6,1336,-19,AA,N3GWAA,1850,JFK,BOS,38,187,12,39
2013,1,29,1711,101,2044,94,AA,N396AA,85,JFK,SFO,366,2586,17,11
2013,7,8,2046,25,2229,29,UA,N15710,1464,EWR,CLE,68,404,20,46
2013,11,22,2030,60,2245,47,FL,N940AT,1020,LGA,ATL,113,762,20,30
2013,12,10,1611,11,1851,9,DL,N6700,847,LGA,ATL,135,762,16,11
2013,1,21,1256,-4,1533,-4,DL,N671DN,781,LGA,ATL,128,762,12,56
2013,9,15,2043,15,2317,-13,UA,N71411,1615,EWR,AUS,195,1504,20,43
2013,2,18,703,1,1139,-19,UA,N39423,1653,EWR,SJU,200,1608,7,3
2013,2,1,1743,-2,2114,-6,AA,N332AA,177,JFK,SFO,363,2586,17,43
2013,7,30,1658,-7,1835,-20,AA,N4WKAA,345,LGA,ORD,114,733,16,58
2013,2,7,1350,50,1526,46,AA,N477AA,329,LGA,ORD,122,733,13,50
2013,7,17,946,-9,1227,-23,AA,N571AA,731,LGA,DFW,175,1389,9,46
2013,4,23,1426,-4,1847,2,AA,N5EWAA,1635,JFK,SJU,214,1598,14,26
2013,8,14,1733,3,2027,1,UA,N37298,1598,EWR,SAN,324,2425,17,33
2013,3,4,1024,-6,1156,-14,AA,N4WKAA,321,LGA,ORD,110,733,10,24
2013,5,28,1856,-4,2120,-15,DL,N662DN,947,LGA,ATL,106,762,18,56
2013,3,15,824,-6,1109,-33,UA,N538UA,999,EWR,SAN,328,2425,8,24
2013,7,18,NA,NA,NA,NA,US,,2138,LGA,BOS,NA,184,NA,NA
2013,2,21,817,7,1055,12,FL,N938AT,361,LGA,ATL,125,762,8,17
2013,6,19,1945,90,2208,37,UA,N812UA,329,EWR,SNA,298,2434,19,45
2013,5,27,1025,-4,1314,35,US,N549UW,196,JFK,PHX,308,2153,10,25
2013,10,29,1655,-5,1934,-6,DL,N930DL,1499,LGA,ATL,114,762,16,55
2013,3,8,826,-4,1100,45,AA,N433AA,313,LGA,ORD,108,733,8,26
2013,8,30,1819,19,2051,-2,UA,N524UA,786,EWR,PBI,126,1023,18,19
2013,8,12,1536,56,1841,39,UA,N805UA,207,EWR,SFO,334,2565,15,36
2013,10,27,1453,-7,1744,-31,AA,N3GTAA,2297,LGA,MIA,150,1096,14,53
2013,10,17,925,-4,1246,12,AA,N503AA,1223,EWR,DFW,210,1372,9,25
2013,9,10,746,5,954,-31,UA,N73251,1591,EWR,IAH,171,1400,7,46
2013,1,20,858,-2,1119,-27,DL,N554NW,1747,LGA,ATL,118,762,8,58
2013,4,3,1413,14,1653,-2,UA,N12238,1250,EWR,IAH,204,1400,14,13
2013,1,4,1014,-1,1207,-3,US,N177US,1103,EWR,CLT,92,529,10,14
2013,2,15,1054,-6,1147,-22,US,N958UW,2124,LGA,BOS,35,184,10,54
2013,2,14,603,3,720,-12,UA,N15712,1074,LGA,ORD,113,733,6,3
2013,6,18,1727,22,1922,12,AA,N3FGAA,1711,JFK,ORD,122,740,17,27
2013,1,29,1528,-1,1813,-24,UA,N14237,1624,EWR,FLL,145,1065,15,28
2013,5,6,1008,-7,1157,-33,US,N656AW,75,EWR,PHX,271,2133,10,8
2013,1,21,819,-11,959,-26,AA,N520AA,1855,LGA,STL,144,888,8,19
2013,12,25,1905,5,2223,-4,UA,N37466,1152,EWR,PDX,357,2434,19,5
2013,6,7,806,1,1142,25,DL,N378NW,1271,JFK,FLL,166,1069,8,6
2013,7,16,1511,26,1749,9,AA,N3HAAA,759,LGA,DFW,174,1389,15,11
2013,9,25,1820,-10,2021,-8,DL,N314US,548,EWR,DTW,76,488,18,20
2013,7,16,559,-5,659,-26,UA,N830UA,230,EWR,BOS,36,200,5,59
2013,3,19,1231,54,1601,76,UA,N77530,1601,EWR,FLL,189,1065,12,31
2013,7,12,1157,-3,1524,48,DL,N654DL,1947,LGA,ATL,133,762,11,57
2013,2,11,724,-6,1059,19,AA,N4WNAA,715,LGA,DFW,252,1389,7,24
2013,1,4,958,-2,1205,-1,US,N758US,1177,LGA,CLT,93,544,9,58
2013,7,15,1755,-5,1919,-43,UA,N16701,1187,EWR,CLE,61,404,17,55
2013,2,14,1253,-7,1406,-1,US,N757UW,2175,LGA,DCA,47,214,12,53
2013,5,31,918,113,1201,81,AA,N319AA,443,JFK,MIA,140,1089,9,18
2013,1,23,1041,-2,1313,-27,UA,N672UA,575,EWR,IAH,193,1400,10,41
2013,1,31,1655,15,2020,25,AA,N4XXAA,773,LGA,DFW,221,1389,16,55
2013,2,6,1211,-10,1512,-43,UA,N816UA,583,EWR,SFO,345,2565,12,11
2013,8,1,1725,20,1853,-2,AA,N437AA,345,LGA,ORD,108,733,17,25
2013,12,17,745,4,1056,8,UA,N14704,1061,EWR,DFW,200,1372,7,45
2013,12,12,817,-8,1029,0,US,N165US,1831,JFK,CLT,100,541,8,17
2013,10,6,1125,-10,1332,-11,DL,N915DL,2219,LGA,MSP,141,1020,11,25
2013,4,24,NA,NA,NA,NA,US,,2189,LGA,DCA,NA,214,NA,NA
2013,3,25,1417,2,1625,-6,DL,N342NB,935,EWR,ATL,111,746,14,17
2013,2,20,1656,-4,2015,-21,DL,N706TW,127,JFK,LAX,338,2475,16,56
2013,5,10,1542,-3,1842,-19,DL,N377NW,141,JFK,FLL,151,1069,15,42
2013,12,25,1700,0,2000,-20,AA,N5DSAA,172,EWR,MIA,150,1085,17,0
2013,12,16,1457,-2,1752,-1,UA,N482UA,761,EWR,TPA,154,997,14,57
2013,6,23,1902,32,2049,32,UA,N822UA,691,LGA,ORD,107,733,19,2
2013,6,23,915,0,1012,-27,DL,N326NB,867,JFK,BOS,37,187,9,15
2013,9,11,702,-8,1002,-23,AA,N332AA,1345,JFK,MIA,147,1089,7,2
2013,3,2,1459,64,1811,85,UA,N553UA,564,EWR,MCO,147,937,14,59
2013,7,27,1702,4,2005,-11,UA,N839UA,996,EWR,SFO,342,2565,17,2
2013,2,23,1518,5,1858,8,UA,N848UA,459,EWR,PHX,318,2133,15,18
2013,5,17,2053,-7,2211,1,US,N963UW,2144,LGA,BOS,41,184,20,53
2013,12,12,1710,25,1926,13,DL,N981AT,2042,EWR,ATL,107,746,17,10
2013,7,5,1109,6,1330,-15,UA,N594UA,234,EWR,LAX,304,2454,11,9
2013,1,15,628,-2,852,9,US,N177US,1433,LGA,CLT,105,544,6,28
2013,6,17,758,-2,921,8,US,N768US,2165,LGA,DCA,49,214,7,58
2013,7,30,1834,-1,2149,-6,AA,N3GAAA,269,JFK,SEA,349,2422,18,34
2013,10,10,929,5,1250,4,UA,N12221,73,EWR,SFO,328,2565,9,29
2013,11,26,655,-5,1008,6,DL,N320NB,1879,LGA,FLL,173,1076,6,55
2013,1,22,1649,-1,1748,-32,AA,N3HCAA,1790,JFK,BOS,40,187,16,49
2013,2,4,1157,-8,1506,-14,AA,N589AA,743,LGA,DFW,224,1389,11,57
2013,7,28,2037,127,108,193,UA,N555UA,389,JFK,SFO,362,2586,20,37
2013,2,17,1813,13,1930,17,US,N746UW,2185,LGA,DCA,41,214,18,13
2013,1,18,2024,24,2251,8,DL,N635DL,1147,LGA,ATL,115,762,20,24
2013,10,20,1827,-2,2035,24,UA,N79279,1053,EWR,CLE,69,404,18,27
2013,3,5,1455,-5,1756,-5,DL,N670DN,2181,LGA,MCO,131,950,14,55
2013,2,15,629,-6,931,-29,UA,N845UA,421,EWR,SFO,339,2565,6,29
2013,9,17,1700,0,1822,-33,AA,N3HDAA,199,JFK,ORD,110,740,17,0
2013,4,15,1758,-2,2039,-24,UA,N37263,1637,EWR,TPA,142,997,17,58
2013,3,29,1549,49,1818,17,DL,N660DL,2181,LGA,MCO,131,950,15,49
2013,11,4,1029,-1,1418,8,US,N544UW,679,JFK,PHX,317,2153,10,29
2013,12,31,1325,-5,1610,-12,DL,N373NW,381,LGA,MCO,147,950,13,25
2013,2,12,838,-2,958,-1,UA,N76526,1580,EWR,BOS,45,200,8,38
2013,2,22,1459,-1,1815,-22,DL,N718TW,2344,JFK,LAX,341,2475,14,59
2013,4,26,624,-6,808,3,AA,N4XDAA,303,LGA,ORD,120,733,6,24
2013,8,18,1539,4,1836,-25,DL,N3744F,2280,JFK,FLL,148,1069,15,39
2013,2,24,NA,NA,NA,NA,UA,,815,EWR,DEN,NA,1605,NA,NA
2013,8,2,827,4,943,3,UA,N29717,1199,EWR,BOS,50,200,8,27
2013,8,9,1928,146,2221,138,UA,N17730,1661,LGA,IAH,182,1416,19,28
2013,8,15,934,19,1238,7,DL,N924DL,2379,LGA,FLL,150,1076,9,34
2013,11,22,1309,33,1516,36,DL,N348NW,1131,LGA,DTW,97,502,13,9
2013,5,30,658,-2,954,-22,DL,N392DA,1415,JFK,SLC,254,1990,6,58
2013,8,4,2053,-6,2324,-35,UA,N416UA,559,EWR,TPA,128,997,20,53
2013,9,11,717,-7,812,-24,UA,N459UA,424,EWR,BOS,41,200,7,17
2013,7,11,1702,52,1811,11,AA,N4YLAA,343,LGA,ORD,106,733,17,2
2013,2,18,1718,-2,2037,4,DL,N322US,1779,LGA,FLL,170,1076,17,18
2013,5,20,559,-1,742,-14,DL,N369NB,731,LGA,DTW,79,502,5,59
2013,11,18,1612,12,1735,-6,UA,N14731,1051,LGA,ORD,119,733,16,12
2013,2,21,813,-2,1112,16,DL,N341NW,914,LGA,DEN,258,1620,8,13
2013,5,3,1617,32,1834,22,DL,N334NB,1705,LGA,MSY,164,1183,16,17
2013,12,16,1814,-1,2131,-4,AA,N3CFAA,1611,LGA,MIA,161,1096,18,14
2013,12,19,1215,15,1651,-3,UA,N75436,1626,EWR,SJU,194,1608,12,15
2013,5,22,1203,48,1418,37,UA,N463UA,448,LGA,DEN,211,1620,12,3
2013,5,8,1041,38,1217,43,FL,N967AT,353,LGA,CAK,60,397,10,41
2013,5,21,2018,49,2132,33,UA,N35407,1585,EWR,BOS,41,200,20,18
2013,11,12,1849,-6,2133,34,US,N557UW,2039,LGA,CLT,105,544,18,49
2013,2,24,605,-4,916,1,UA,N37437,1401,EWR,FLL,163,1065,6,5
2013,7,22,2210,170,2341,176,AA,N3GEAA,1762,JFK,BOS,33,187,22,10
2013,6,5,1212,0,1419,-20,UA,N76515,1134,EWR,PHX,282,2133,12,12
2013,10,23,1024,-6,1345,10,AA,N324AA,179,JFK,SFO,355,2586,10,24
2013,12,11,1328,29,1629,28,UA,N454UA,426,EWR,MIA,161,1085,13,28
2013,5,30,656,-4,802,-28,UA,N76503,1123,LGA,ORD,102,733,6,56
2013,9,26,1000,0,1154,21,FL,N992AT,353,LGA,CAK,58,397,10,0
2013,1,25,1837,-13,2057,7,AA,N512AA,2019,LGA,STL,144,888,18,37
2013,3,18,1457,-2,1816,-9,UA,N76505,1699,EWR,SFO,356,2565,14,57
2013,7,25,936,-9,1254,-11,AA,N3KHAA,1871,LGA,MIA,148,1096,9,36
2013,5,27,1228,-7,1443,-37,AA,N545AA,1033,EWR,DFW,179,1372,12,28
2013,3,17,1544,-1,1816,-8,DL,N3763D,95,JFK,ATL,118,760,15,44
2013,6,24,1621,-4,1742,-26,DL,N368NB,402,JFK,BOS,37,187,16,21
2013,7,2,1738,6,2017,-27,UA,N37434,1266,EWR,LAX,303,2454,17,38
2013,9,3,1418,-2,1529,-26,AA,N473AA,337,LGA,ORD,107,733,14,18
2013,10,5,1836,1,2121,-19,UA,N418UA,288,EWR,FLL,135,1065,18,36
2013,7,27,1154,-6,1450,-4,DL,N154DL,863,JFK,LAX,322,2475,11,54
2013,5,30,1729,1,2021,-36,UA,N35260,1078,EWR,SAT,204,1569,17,29
2013,6,25,1923,138,2210,110,AA,N3ADAA,1999,EWR,MIA,139,1085,19,23
2013,4,21,853,-7,1208,-16,DL,N721TW,120,JFK,LAX,328,2475,8,53
2013,7,26,1948,42,2106,34,UA,N17730,1116,EWR,BOS,43,200,19,48
2013,1,8,1501,-4,1807,33,UA,N521UA,745,LGA,DEN,250,1620,15,1
2013,5,19,1438,-7,1604,-21,AA,N549AA,2223,LGA,STL,125,888,14,38
2013,7,27,1131,-4,1427,-21,DL,N921DL,954,LGA,FLL,147,1076,11,31
2013,12,21,1940,96,2250,97,UA,N38467,1712,EWR,IAH,203,1400,19,40
2013,4,17,2115,195,2247,177,AA,N592AA,353,LGA,ORD,126,733,21,15
2013,10,15,1720,5,1951,-33,UA,N413UA,327,EWR,PDX,305,2434,17,20
2013,9,19,1659,-1,2006,-21,UA,N598UA,512,JFK,SFO,344,2586,16,59
2013,11,7,1114,-1,1422,-12,DL,N325NB,2098,LGA,MIA,162,1096,11,14
2013,10,24,1251,-9,1355,-20,US,N757UW,2181,LGA,DCA,47,214,12,51
2013,4,2,1917,-8,2212,-31,DL,N918DL,2139,LGA,MIA,152,1096,19,17
2013,8,10,1728,-2,2008,-34,DL,N959DL,1435,LGA,TPA,143,1010,17,28
2013,1,2,1126,-9,1451,-4,DL,N327NW,1171,LGA,RSW,169,1080,11,26
2013,4,15,1941,-3,2304,9,UA,N558UA,768,EWR,LAX,344,2454,19,41
2013,5,28,854,7,1148,-10,UA,N38268,1401,EWR,MIA,151,1085,8,54
2013,3,3,2140,245,2321,219,DL,N341NW,2331,LGA,DTW,73,502,21,40
2013,10,29,552,-8,843,-22,AA,N3DSAA,1175,LGA,MIA,145,1096,5,52
2013,10,2,1301,2,1537,-18,UA,N37274,1280,LGA,IAH,193,1416,13,1
2013,3,11,1830,14,2016,11,UA,N76269,1053,EWR,CLE,68,404,18,30
2013,3,6,1600,15,1926,5,DL,N650DL,1773,JFK,SLC,289,1990,16,0
2013,4,8,2052,-8,12,-20,DL,N722TW,2363,JFK,LAX,336,2475,20,52
2013,1,7,1100,0,1415,-10,UA,N532UA,642,JFK,SFO,347,2586,11,0
2013,8,1,851,-10,1231,33,UA,N16713,1626,EWR,SAN,336,2425,8,51
2013,3,5,1823,-7,2132,-33,AA,N3GKAA,269,JFK,SEA,348,2422,18,23
2013,11,22,1403,-1,1640,-23,UA,N77430,1232,EWR,IAH,195,1400,14,3
2013,9,19,1830,0,2037,8,DL,N316US,548,EWR,DTW,78,488,18,30
2013,3,7,1532,2,1829,-5,DL,N329NW,1935,LGA,TPA,140,1010,15,32
2013,3,8,1605,15,2051,1,AA,N5CGAA,1635,JFK,SJU,193,1598,16,5
2013,8,4,908,-7,1004,-35,DL,N302NB,867,JFK,BOS,36,187,9,8
2013,5,14,1323,-2,1610,-8,UA,N827UA,734,EWR,DFW,184,1372,13,23
2013,1,18,1300,1,1433,-3,UA,N17126,1249,EWR,ORD,130,719,13,0
2013,6,24,1930,5,2233,16,UA,N73275,1555,EWR,SAN,302,2425,19,30
2013,3,13,1555,-5,1850,-44,DL,N718TW,1461,JFK,LAX,313,2475,15,55
2013,11,26,NA,NA,NA,NA,US,,2175,LGA,DCA,NA,214,NA,NA
2013,1,26,NA,NA,NA,NA,AA,N3EMAA,731,LGA,DFW,NA,1389,NA,NA
2013,9,23,1754,-6,1859,-16,US,N712US,2191,LGA,DCA,39,214,17,54
2013,12,26,1132,29,1459,60,UA,N852UA,598,EWR,PBI,166,1023,11,32
2013,9,9,1858,-7,2125,-40,AA,N568AA,1691,EWR,DFW,172,1372,18,58
2013,10,15,903,-2,1102,-13,DL,N329NW,181,LGA,DTW,78,502,9,3
2013,9,1,1518,-2,1809,-5,UA,N14118,1600,EWR,LAX,315,2454,15,18
2013,4,2,1542,13,1813,1,UA,N574UA,987,EWR,LAS,305,2227,15,42
2013,4,10,1556,-3,1905,-1,UA,N27213,1242,EWR,FLL,167,1065,15,56
2013,11,2,1057,-8,1314,-17,UA,N459UA,405,LGA,DEN,222,1620,10,57
2013,7,28,755,-5,1055,-9,DL,N312US,2190,JFK,MIA,151,1089,7,55
2013,10,17,2032,3,2359,22,UA,N14231,1039,EWR,AUS,230,1504,20,32
2013,11,5,855,5,1137,5,UA,N48127,1643,EWR,DEN,235,1605,8,55
2013,4,17,1107,-3,1321,35,UA,N802UA,793,LGA,ORD,141,733,11,7
2013,3,17,2038,-7,2209,-16,AA,N3FHAA,371,LGA,ORD,125,733,20,38
2013,8,5,657,-3,953,-13,DL,N944DL,2003,LGA,MIA,144,1096,6,57
2013,4,25,1203,-7,1541,31,AA,N475AA,743,LGA,DFW,208,1389,12,3
2013,10,25,1553,-7,1726,11,US,N946UW,2154,LGA,BOS,44,184,15,53
2013,8,18,1028,-7,1316,-34,AA,N3GFAA,1879,LGA,MIA,149,1096,10,28
2013,7,28,2020,110,2347,122,AA,N3JTAA,119,EWR,LAX,326,2454,20,20
2013,10,27,1329,0,1605,-20,UA,N461UA,537,EWR,PBI,142,1023,13,29
2013,4,10,1636,106,1957,185,DL,N340NB,1231,LGA,DTW,101,502,16,36
2013,12,7,1727,2,1828,-17,AA,N3HTAA,256,JFK,BOS,37,187,17,27
2013,6,20,1104,-6,1405,-8,DL,N329NW,1875,LGA,TPA,144,1010,11,4
2013,1,13,1053,-7,1158,-17,US,N950UW,2171,LGA,DCA,52,214,10,53
2013,3,9,857,-3,1008,-15,US,N961UW,2167,LGA,DCA,42,214,8,57
2013,5,9,1522,4,1736,-2,UA,N553UA,745,LGA,DEN,222,1620,15,22
2013,1,23,1232,-8,1447,2,DL,N355NB,1131,LGA,DTW,96,502,12,32
2013,9,9,1056,-2,1317,-21,UA,N74856,1545,EWR,IAH,179,1400,10,56
2013,2,23,1734,5,2112,23,AA,N383AA,543,JFK,MIA,162,1089,17,34
2013,10,28,606,-4,817,4,DL,N937DL,1919,LGA,MSP,162,1020,6,6
2013,1,28,851,11,1156,13,UA,N37293,1626,EWR,SAN,351,2425,8,51
2013,11,20,1521,21,1709,28,UA,N17244,1515,LGA,ORD,117,733,15,21
2013,6,12,1759,-5,1856,-34,UA,N487UA,679,EWR,BOS,33,200,17,59
2013,10,2,735,0,1026,-14,DL,N706TW,183,JFK,SEA,330,2422,7,35
2013,4,14,1001,2,1240,-21,UA,N514UA,331,EWR,LAX,321,2454,10,1
2013,6,9,829,-1,1118,-32,UA,N75429,1677,EWR,SFO,326,2565,8,29
2013,11,30,800,0,1117,-18,AA,N395AA,59,JFK,SFO,352,2586,8,0
2013,7,9,1014,-1,1118,-11,UA,N23721,1163,EWR,BOS,44,200,10,14
2013,2,5,744,-1,1133,8,AA,N383AA,59,JFK,SFO,366,2586,7,44
2013,11,1,744,-3,1123,-16,UA,N36444,1216,EWR,SJU,199,1608,7,44
2013,9,25,1029,-1,1245,-2,DL,N777NC,2343,EWR,ATL,117,746,10,29
2013,9,10,647,6,748,-22,UA,N24211,1262,EWR,ORD,103,719,6,47
2013,6,18,1602,-3,1751,11,AA,N3FUAA,1750,JFK,BOS,38,187,16,2
2013,6,9,1655,-5,2035,24,DL,N962DL,706,JFK,AUS,213,1521,16,55
2013,7,11,1743,8,2018,-12,AA,N3HNAA,145,JFK,SAN,309,2446,17,43
2013,5,11,1122,-8,1308,-22,US,N199UW,1625,LGA,CLT,85,544,11,22
2013,10,16,857,-3,1222,-6,DL,N723TW,431,JFK,SFO,360,2586,8,57
2013,2,8,916,16,1203,-13,UA,N13716,1405,LGA,IAH,205,1416,9,16
2013,6,24,846,-4,1258,7,DL,N381DN,301,JFK,SJU,211,1598,8,46
