STATION,LINE,TERMINUS,ROUTE,POINT_X,POINT_Y
Ashmont,RED,Y,A - Ashmont  C - Alewife,6974643.758,3505250.842
Harvard,RED,N,A - Ashmont  B - Braintree  C - Alewife,6952902.316,3534408.542
Kendall/MIT,RED,N,A - Ashmont  B - Braintree  C - Alewife,6962504.902,3532116.994
Capen Street,RED,N,Mattapan Trolley,6969574.187,3498026.239
Tufts Medical Center,ORANGE,N,Forest Hills to Oak Grove,6969367.656,3528590.538
Waban,GREEN,N,D - Riverside,6926856.155,3510740.03
Kenmore,GREEN,N,B C D,6961053.864,3526765.858
Arlington,GREEN,N,B C D E,6967374.302,3529169.746
Copley,GREEN,N,B C D E,6965659.246,3528100.955
Boylston,GREEN,N,B C D E,6968977.073,3529986.144
Chinatown,ORANGE,N,Forest Hills to Oak Grove,6969557.427,3529905.977
Haymarket,GREEN/ORANGE,N,GREEN C E / ORANGE Forest Hills to Oak Grove,6970041.172,3533764.827
North Station,GREEN/ORANGE,N,GREEN C E / ORANGE Forest Hills to Oak Grove,6969267.148,3534600.754
Davis,RED,N,A - Ashmont  B - Braintree  C - Alewife,6950261.558,3542371.8
South Station,RED,N,A - Ashmont  B - Braintree  C - Alewife,6971519.799,3530374.365
Oak Grove,ORANGE,Y,Forest Hills to Oak Grove,6960778.505,3559942.268
Malden Center,ORANGE,N,Forest Hills to Oak Grove,6960696.968,3555822.246
Wellington,ORANGE,N,Forest Hills to Oak Grove,6961875.151,3546747.753
Sullivan Square,ORANGE,N,Forest Hills to Oak Grove,6963274.911,3540499.737
Community College,ORANGE,N,Forest Hills to Oak Grove,6965833.276,3537150.537
Lechmere,GREEN,Y,E - Lechmere,6964250.495,3535686.144
Science Park,GREEN,N,E - Lechmere,6967078.385,3534728.526
Bowdoin,BLUE,Y,Bowdoin to Wonderland,6969082.375,3533065.214
Government Center,BLUE/GREEN,N,BLUE Bowdoin to Wonderland / GREEN B C D E,6969859.639,3532533.053
Aquarium,BLUE,N,Bowdoin to Wonderland,6971843.568,3533044.29
Maverick,BLUE,N,Bowdoin to Wonderland,6974397.089,3537154.484
Airport,BLUE,N,Bowdoin to Wonderland,6976469.329,3539619.012
Wood Island,BLUE,N,Bowdoin to Wonderland,6978004.316,3541935.667
Orient Heights,BLUE,N,Bowdoin to Wonderland,6982264.043,3545559.438
Suffolk Downs,BLUE,N,Bowdoin to Wonderland,6984013.682,3547311.006
Beachmont,BLUE,N,Bowdoin to Wonderland,6984716.591,3550000.431
Revere Beach,BLUE,N,Bowdoin to Wonderland,6983901.074,3553801.594
Wonderland,BLUE,Y,Bowdoin to Wonderland,6983689.539,3555855.793
Alewife,RED,Y,A - Ashmont  B - Braintree  C - Alewife,6945032.102,3541009.741
Porter,RED,N,A - Ashmont  B - Braintree  C - Alewife,6951742.797,3539524.87
Central,RED,N,A - Ashmont  B - Braintree  C - Alewife,6957578.831,3532190.79
Charles/MGH,RED,N,A - Ashmont  B - Braintree  C - Alewife,6966622.297,3532536.754
Broadway,RED,N,A - Ashmont  B - Braintree  C - Alewife,6971763.677,3526667.847
Andrew,RED,N,A - Ashmont  B - Braintree  C - Alewife,6972780.941,3522205.823
Savin Hill,RED,N,A - Ashmont  C - Alewife,6975169.912,3515450.636
Fields Corner,RED,N,A - Ashmont  C - Alewife,6973796.582,3511119.318
Shawmut,RED,N,A - Ashmont  C - Alewife,6973290.548,3508421.694
Cedar Grove,RED,N,Mattapan Trolley,6975809.35,3503871.631
Butler,RED,N,Mattapan Trolley,6975787.614,3501192.691
Milton,RED,N,Mattapan Trolley,6974678.119,3500168.815
Central Avenue,RED,N,Mattapan Trolley,6973008.252,3499680.055
Valley Road,RED,N,Mattapan Trolley,6971033.377,3498631.07
Mattapan,RED,Y,Mattapan Trolley,6968163.245,3497706.558
North Quincy,RED,N,B - Braintree  C - Alewife,6984043.386,3504313.14
Wollaston,RED,N,B - Braintree  C - Alewife,6987399.467,3501559.876
Quincy Center,RED,N,B - Braintree  C - Alewife,6992504.846,3497174.675
Quincy Adams,RED,N,B - Braintree  C - Alewife,6993617.444,3490359.692
Braintree,RED,Y,B - Braintree  C - Alewife,6997013.843,3481425.425
Forest Hills,ORANGE,Y,Forest Hills to Oak Grove,6959817.338,3508393.844
Green Street,ORANGE,N,Forest Hills to Oak Grove,6960745.042,3512020.246
Stony Brook,ORANGE,N,Forest Hills to Oak Grove,6961151.876,3514811.342
Jackson Square,ORANGE,N,Forest Hills to Oak Grove,6961882.939,3517248.441
Ruggles,ORANGE,N,Forest Hills to Oak Grove,6963613.996,3522688.087
Massachusetts Ave,ORANGE,N,Forest Hills to Oak Grove,6964704.608,3524552.87
Back Bay,ORANGE,N,Forest Hills to Oak Grove,6966604.688,3527423.128
Prudential,GREEN,N,E - Health Street,6965121.697,3526430.714
Symphony,GREEN,N,E - Health Street,6964361.726,3525122.451
Northeastern,GREEN,N,E - Health Street,6963314.249,3523894.19
Museum Of Fine Arts,GREEN,N,E - Health Street,6962061.521,3522826.084
Longwood Medical Area,GREEN,N,E - Health Street,6960979.029,3521922.912
Brigham Circle,GREEN,N,E - Health Street,6959992.181,3521120.819
Eastern Avenue,SILVER,N,SL3,6977048.838,3545037.859
Box District,SILVER,N,SL3,6975404.397,3546807.316
Bellingham Square,SILVER,N,SL3,6973974.669,3546980.995
Chelsea,SILVER,Y,SL3,6972024.231,3547085.045
Airport,SILVER,N,SL3,6976596.873,3539567.681
Fenwood Road,GREEN,N,E - Health Street,6959544.5,3520714.378
Mission Park,GREEN,N,E - Health Street,6958539.579,3520285.395
Riverway,GREEN,N,E - Health Street,6958002.646,3519718.69
Back Of The Hill,GREEN,N,E - Health Street,6958417.8,3518929.684
Heath Street,GREEN,Y,E - Health Street,6958730.505,3518498.85
Hynes Convention Center,GREEN,N,B C D,6963322.761,3526874.089
Blandford Street,GREEN,N,B - Boston College,6959837.773,3526579.299
Boston University East,GREEN,N,B - Boston College,6958633.648,3526516.217
Boston University Central,GREEN,N,B - Boston College,6957914.78,3526481.342
Boston University West,GREEN,N,B - Boston College,6956132.376,3526390.614
Saint Paul Street,GREEN,N,B - Boston College,6955350.789,3526350.448
Pleasant Street,GREEN,N,B - Boston College,6954602.646,3526311.998
Babcock Street,GREEN,N,B - Boston College,6953871.354,3526274.407
Packards Corner,GREEN,N,B - Boston College,6952938.778,3526065.005
Harvard Avenue,GREEN,N,B - Boston College,6951506.126,3525240.817
Griggs Street,GREEN,N,B - Boston College,6950735.447,3524477.209
Allston Street,GREEN,N,B - Boston College,6949883.286,3524202.5
Warren Street,GREEN,N,B - Boston College,6949186.616,3524070.506
Washington Street,GREEN,N,B - Boston College,6948919.453,3522323.505
Sutherland Road,GREEN,N,B - Boston College,6948110.626,3521187.832
Chiswick Road,GREEN,N,B - Boston College,6946953.167,3520584.82
Chestnut Hill Avenue,GREEN,N,B - Boston College,6946656.924,3519755.189
South Street,GREEN,N,B - Boston College,6945363.064,3519806.065
Boston College,GREEN,Y,B - Boston College,6942709.84,3519499.329
Cleveland Circle,GREEN,Y,C - Cleveland Circle,6947742.02,3519072.054
Englewood Avenue,GREEN,N,C - Cleveland Circle,6948685.093,3519593.2
Dean Road,GREEN,N,C - Cleveland Circle,6949572.012,3520057.802
Tappan Street,GREEN,N,C - Cleveland Circle,6950445.375,3520547.665
Washington Square,GREEN,N,C - Cleveland Circle,6951201.358,3521013.851
Fairbanks Street,GREEN,N,C - Cleveland Circle,6952260.653,3521359.21
Brandon Hall,GREEN,N,C - Cleveland Circle,6952931.452,3521658.757
Summit Ave/Winchester St,GREEN,N,C - Cleveland Circle,6953619.978,3522172.88
Coolidge Corner,GREEN,N,C - Cleveland Circle,6954729.175,3522832.738
Saint Paul Street,GREEN,N,C - Cleveland Circle,6955740.287,3523448.564
Kent Street,GREEN,N,C - Cleveland Circle,6956449.818,3523901.596
Hawes Street,GREEN,N,C - Cleveland Circle,6957213.667,3524385.162
Saint Marys Street,GREEN,N,C - Cleveland Circle,6958173.95,3525015.317
Fenway Park,GREEN,N,D - Riverside,6958939.387,3524869.078
Longwood,GREEN,N,D - Riverside,6957790.381,3523311.405
Brookline Village,GREEN,N,D - Riverside,6956656.592,3519660.325
Brookline Hills,GREEN,N,D - Riverside,6954121.562,3518626.511
Beaconsfield,GREEN,N,D - Riverside,6950179.584,3519429.326
Reservoir,GREEN,N,D - Riverside,6948060.544,3518766.322
Chestnut Hill,GREEN,N,D - Riverside,6944387.075,3514824.229
Newton Centre,GREEN,N,D - Riverside,6936789.214,3514196.814
Newton Highlands,GREEN,N,D - Riverside,6933835.742,3510912.859
Eliot,GREEN,N,D - Riverside,6931142.983,3509068.596
Woodland,GREEN,N,D - Riverside,6922973.302,3512519.363
Riverside,GREEN,Y,D - Riverside,6920149.928,3513628.926
Downtown Crossing,ORANGE/RED,N,ORANGE Forest Hills to Oak Grove / RED A - Ashmont  B - Braintree  C - Alewife,6969878.569,3531086.725
Park Street,GREEN/RED,N,GREEN B C D E / RED A - Ashmont  B - Braintree  C - Alewife,6969340.599,3531259.434
JFK/UMass,RED,N,A - Ashmont  B - Braintree  C - Alewife,6974744.252,3519071.593
State,BLUE/ORANGE,N,BLUE Bowdoin to Wonderland / ORANGE Forest Hills to Oak Grove,6970334.443,3532448.867
Roxbury Crossing,ORANGE,N,Forest Hills to Oak Grove,6962333.42,3520234.947
Airport Terminal B2,SILVER,N,SL1,6980499.54,3536251.895
"Dry Dock Ave at Design Ctr Pl, layover",SILVER,N,SL2,6977600.283,3528704.636
Lenox Street,SILVER,N,SL4 SL5,6966649.356,3522779.745
Massachusetts Ave,SILVER,N,SL4 SL5,6966922.881,3523245.39
Newton Street,SILVER,N,SL4 SL5,6967650.213,3524318.916
Union Park Street,SILVER,N,SL4 SL5,6968646.47,3525564.206
E.Berkeley Street,SILVER,N,SL4 SL5,6969309.768,3526736.458
Herald Street,SILVER,N,SL4 SL5,6969488.789,3527608.874
Worcester Square,SILVER,N,SL4 SL5,6967301.181,3523817.134
Melnea Cass Blvd,SILVER,N,SL4 SL5,6966132.986,3521742.838
Tuffs Medical Center,SILVER,N,SL4 SL5,6969483.437,3528814.776
Northern Avenue at Tide Street,SILVER,N,SL2,6978324.813,3529032.639
Northern Avenue at Harbor Street,SILVER,N,SL2,6977322.804,3529373.602
Airport Terminal B1,SILVER,N,SL1,6980587.483,3535619.15
Airport Terminal A,SILVER,N,SL1,6979630.181,3536683.571
Airport Terminal C,SILVER,N,SL1,6980318.943,3537775.477
Airport Terminal E,SILVER,Y,SL1,6979282.053,3538453.093
Silver Line Way,SILVER,N,SL1 SL2,6976515.394,3529342.293
World Trade Center,SILVER,N,SL1 SL2,6975186.942,3529570.217
Court House,SILVER,N,SL1 SL2,6973740.075,3530775.888
South Station,SILVER,N,SL1 SL2,6971490.066,3530376.704
88 Black Falcon,SILVER,N,SL2,6979888.66,3528829.407
21 Dry Dock Avenue,SILVER,N,SL2,6978591.127,3528952.664
25 Dry Dock Avenue,SILVER,N,SL2,6979097.077,3529072.34
Black Falcon at Design Center,SILVER,N,SL2,6977747.925,3528449.863
Boylston,SILVER,N,SL5,6969057.335,3530134.661
Downtown Crossing,SILVER,N,SL5,6969753.916,3530824.778
Chinatown,SILVER,N,SL4 SL5,6969565.279,3529885.567
Dudley Square,SILVER,Y,SL4 SL5,6965693.999,3520522.645
South Station Essex St.,SILVER,N,SL4,6971319.372,3530070.334
306 Northern Avenue,SILVER,N,SL2,6976914.42,3529665.41
Melnea Cass Blvd,SILVER,N,SL4 SL5,6966207.4,3521910.461
Lenox Street,SILVER,N,SL4 SL5,6966529.817,3522664.809
Massachusetts Ave,SILVER,N,SL4 SL5,6966889.174,3523266.158
Worcester Square,SILVER,N,SL4 SL5,6967188.122,3523723.661
Newton Street,SILVER,N,SL4 SL5,6967611.331,3524336.396
Union Park Street,SILVER,N,SL4 SL5,6968546.132,3525518.26
E.Berkeley Street,SILVER,N,SL4 SL5,6969347.985,3526729.103
Herald Street,SILVER,N,SL4 SL5,6969457.74,3527608.063
Tuffs Medical Center,SILVER,N,SL4 SL5,6969450.558,3528818.691
Black Falcon corner stop,SILVER,N,SL2,6979608.831,3529064.855
Assembly,ORANGE,N,Forest Hills to Oak Grove,6962615.011,3543308.331
